{
    "VIXY": {
        "prevClose": 27.09,
        "stdDev": 1.1630750927105442
    },
    "SPY": {
        "prevClose": 733.83,
        "stdDev": 8.598455415911225
    },
    "QQQ": {
        "prevClose": 695.77,
        "stdDev": 11.783728093036032
    },
    "DIA": {
        "prevClose": 499.05,
        "stdDev": 5.833227607448613
    },
    "IWM": {
        "prevClose": 286.8,
        "stdDev": 4.330825213255766
    },
    "DAX": {
        "prevClose": 46.46,
        "stdDev": 0.6292749380007567
    },
    "VT": {
        "prevClose": 155.06,
        "stdDev": 2.0152332730499096
    },
    "EEM": {
        "prevClose": 67.49,
        "stdDev": 1.1541239022441472
    },
    "AAPL": {
        "prevClose": 287.51,
        "stdDev": 8.043605088699822
    },
    "NVDA": {
        "prevClose": 207.83,
        "stdDev": 7.742870628657235
    },
    "PG": {
        "prevClose": 147.9,
        "stdDev": 1.9989066723563835
    },
    "WMT": {
        "prevClose": 130.08,
        "stdDev": 2.3944790807814154
    },
    "AEM": {
        "prevClose": 189.81,
        "stdDev": 5.829784805947284
    },
    "AMAT": {
        "prevClose": 428.62,
        "stdDev": 12.994342743360983
    },
    "XLK": {
        "prevClose": 170.03,
        "stdDev": 2.7703625299699426
    },
    "XLV": {
        "prevClose": 145.4,
        "stdDev": 1.634980017556891
    },
    "XLF": {
        "prevClose": 51.84,
        "stdDev": 0.9254957787617231
    },
    "XLY": {
        "prevClose": 119.87,
        "stdDev": 1.7154562115954883
    },
    "XLI": {
        "prevClose": 176.87,
        "stdDev": 2.355090293524187
    },
    "XLP": {
        "prevClose": 84.24,
        "stdDev": 0.8078458664524304
    },
    "XLE": {
        "prevClose": 57.0,
        "stdDev": 1.032252353164486
    },
    "XLU": {
        "prevClose": 45.71,
        "stdDev": 0.5544886684817077
    },
    "GLD": {
        "prevClose": 430.96,
        "stdDev": 4.929816199540844
    },
    "SLV": {
        "prevClose": 70.13,
        "stdDev": 1.4814143910073039
    },
    "USO": {
        "prevClose": 133.95,
        "stdDev": 3.148817813671456
    },
    "UNG": {
        "prevClose": 10.45,
        "stdDev": 0.3253999274497035
    },
    "CPER": {
        "prevClose": 37.54,
        "stdDev": 0.7352950419225709
    },
    "TLT": {
        "prevClose": 86.08,
        "stdDev": 0.7764567912811855
    },
    "HYG": {
        "prevClose": 80.16,
        "stdDev": 0.5507527533744354
    },
    "FXE": {
        "prevClose": 108.4,
        "stdDev": 0.6077600957529324
    },
    "FXY": {
        "prevClose": 58.69,
        "stdDev": 0.37477677690110156
    }
}