{
    "VIXY": {
        "prevClose": 27.93,
        "stdDev": 1.2008161819430616
    },
    "SPY": {
        "prevClose": 710.14,
        "stdDev": 8.32517129094831
    },
    "QQQ": {
        "prevClose": 648.85,
        "stdDev": 10.995211014594481
    },
    "DIA": {
        "prevClose": 494.22,
        "stdDev": 5.779908905486801
    },
    "IWM": {
        "prevClose": 275.78,
        "stdDev": 4.166631269855612
    },
    "DAX": {
        "prevClose": 45.97,
        "stdDev": 0.6228582785514779
    },
    "VT": {
        "prevClose": 150.84,
        "stdDev": 1.9618261543557196
    },
    "EEM": {
        "prevClose": 63.64,
        "stdDev": 1.0884612743887447
    },
    "AAPL": {
        "prevClose": 270.23,
        "stdDev": 7.562890251121463
    },
    "NVDA": {
        "prevClose": 201.68,
        "stdDev": 7.5169693680557765
    },
    "PG": {
        "prevClose": 146.93,
        "stdDev": 1.985573676752215
    },
    "WMT": {
        "prevClose": 127.5,
        "stdDev": 2.3475869184372176
    },
    "AEM": {
        "prevClose": 220.1,
        "stdDev": 6.7596289793562105
    },
    "AMAT": {
        "prevClose": 396.94,
        "stdDev": 12.03417194474964
    },
    "XLK": {
        "prevClose": 154.35,
        "stdDev": 2.515105927470618
    },
    "XLV": {
        "prevClose": 148.8,
        "stdDev": 1.6738000625360432
    },
    "XLF": {
        "prevClose": 52.43,
        "stdDev": 0.9368421897531998
    },
    "XLY": {
        "prevClose": 120.41,
        "stdDev": 1.7243126746940711
    },
    "XLI": {
        "prevClose": 173.51,
        "stdDev": 2.310277334127027
    },
    "XLP": {
        "prevClose": 82.46,
        "stdDev": 0.7909565604821592
    },
    "XLE": {
        "prevClose": 55.02,
        "stdDev": 0.9966028857535055
    },
    "XLU": {
        "prevClose": 46.16,
        "stdDev": 0.5598730523042721
    },
    "GLD": {
        "prevClose": 445.93,
        "stdDev": 5.0950883912012594
    },
    "SLV": {
        "prevClose": 73.63,
        "stdDev": 1.5529675061906998
    },
    "USO": {
        "prevClose": 116.04,
        "stdDev": 2.720032144532366
    },
    "UNG": {
        "prevClose": 10.84,
        "stdDev": 0.3377664888270881
    },
    "CPER": {
        "prevClose": 37.29,
        "stdDev": 0.5852118621636107
    },
    "TLT": {
        "prevClose": 87.07,
        "stdDev": 0.7860064305584257
    },
    "HYG": {
        "prevClose": 80.65,
        "stdDev": 0.5547906820431374
    },
    "FXE": {
        "prevClose": 108.65,
        "stdDev": 0.6097319584213187
    },
    "FXY": {
        "prevClose": 57.89,
        "stdDev": 0.3694948006339784
    }
}