{
    "VIXY": {
        "prevClose": 25.29,
        "stdDev": 1.0845318546439118
    },
    "SPY": {
        "prevClose": 742.72,
        "stdDev": 8.69868413688352
    },
    "QQQ": {
        "prevClose": 714.51,
        "stdDev": 12.095457174804338
    },
    "DIA": {
        "prevClose": 503.11,
        "stdDev": 5.87749040971876
    },
    "IWM": {
        "prevClose": 282.49,
        "stdDev": 4.264888833944447
    },
    "DAX": {
        "prevClose": 45.555,
        "stdDev": 0.6168814632433303
    },
    "VT": {
        "prevClose": 155.21,
        "stdDev": 2.015729670312643
    },
    "EEM": {
        "prevClose": 66.03,
        "stdDev": 1.129337850812009
    },
    "AAPL": {
        "prevClose": 304.99,
        "stdDev": 8.530078225832016
    },
    "NVDA": {
        "prevClose": 219.51,
        "stdDev": 8.174057295584463
    },
    "PG": {
        "prevClose": 143.4,
        "stdDev": 1.937777925098095
    },
    "WMT": {
        "prevClose": 121.34,
        "stdDev": 2.2332081970918782
    },
    "AEM": {
        "prevClose": 177.75,
        "stdDev": 5.458838093447945
    },
    "AMAT": {
        "prevClose": 427.36,
        "stdDev": 12.885651864214376
    },
    "XLK": {
        "prevClose": 178.6,
        "stdDev": 2.909964902413887
    },
    "XLV": {
        "prevClose": 148.15,
        "stdDev": 1.6653421496072858
    },
    "XLF": {
        "prevClose": 51.73,
        "stdDev": 0.9229509024851281
    },
    "XLY": {
        "prevClose": 118.7,
        "stdDev": 1.6981293749086268
    },
    "XLI": {
        "prevClose": 170.53,
        "stdDev": 2.2698849561342036
    },
    "XLP": {
        "prevClose": 84.66,
        "stdDev": 0.8116582764277049
    },
    "XLE": {
        "prevClose": 59.13,
        "stdDev": 1.0706587767436997
    },
    "XLU": {
        "prevClose": 45.0,
        "stdDev": 0.545780818817763
    },
    "GLD": {
        "prevClose": 416.99,
        "stdDev": 4.769230956224277
    },
    "SLV": {
        "prevClose": 69.45,
        "stdDev": 1.4715705282522729
    },
    "USO": {
        "prevClose": 142.54,
        "stdDev": 3.352476924141867
    },
    "UNG": {
        "prevClose": 11.33,
        "stdDev": 0.352716317167996
    },
    "CPER": {
        "prevClose": 38.58,
        "stdDev": 0.7560307056368717
    },
    "TLT": {
        "prevClose": 84.22,
        "stdDev": 0.7594020062962087
    },
    "HYG": {
        "prevClose": 79.9,
        "stdDev": 0.5484671848098475
    },
    "FXE": {
        "prevClose": 107.23,
        "stdDev": 0.6007246172147122
    },
    "FXY": {
        "prevClose": 57.77,
        "stdDev": 0.3685216062054986
    }
}