{
    "VIXY": {
        "prevClose": 25.68,
        "stdDev": 1.1004161776432146
    },
    "SPY": {
        "prevClose": 725.43,
        "stdDev": 8.493812184618827
    },
    "QQQ": {
        "prevClose": 693.69,
        "stdDev": 11.743015759919444
    },
    "DIA": {
        "prevClose": 500.25,
        "stdDev": 5.841918894717174
    },
    "IWM": {
        "prevClose": 282.05,
        "stdDev": 4.257623012334167
    },
    "DAX": {
        "prevClose": 43.915,
        "stdDev": 0.5942705872885549
    },
    "VT": {
        "prevClose": 151.92,
        "stdDev": 1.9721593570654916
    },
    "EEM": {
        "prevClose": 64.66,
        "stdDev": 1.1071011594518692
    },
    "AAPL": {
        "prevClose": 291.58,
        "stdDev": 8.152061751750397
    },
    "NVDA": {
        "prevClose": 200.42,
        "stdDev": 7.462027193153513
    },
    "PG": {
        "prevClose": 149.05,
        "stdDev": 2.0148066997034295
    },
    "WMT": {
        "prevClose": 120.59,
        "stdDev": 2.219040096606596
    },
    "AEM": {
        "prevClose": 152.48,
        "stdDev": 4.683371742897897
    },
    "AMAT": {
        "prevClose": 497.01,
        "stdDev": 14.995460704636086
    },
    "XLK": {
        "prevClose": 176.63,
        "stdDev": 2.8819481270362473
    },
    "XLV": {
        "prevClose": 152.85,
        "stdDev": 1.7185316178465713
    },
    "XLF": {
        "prevClose": 52.23,
        "stdDev": 0.9312233249472488
    },
    "XLY": {
        "prevClose": 113.49,
        "stdDev": 1.623199795291337
    },
    "XLI": {
        "prevClose": 169.66,
        "stdDev": 2.2580379813610056
    },
    "XLP": {
        "prevClose": 85.49,
        "stdDev": 0.8198237085019455
    },
    "XLE": {
        "prevClose": 58.25,
        "stdDev": 1.0543754242702597
    },
    "XLU": {
        "prevClose": 44.0,
        "stdDev": 0.5336996179567641
    },
    "GLD": {
        "prevClose": 374.58,
        "stdDev": 4.292240899169005
    },
    "SLV": {
        "prevClose": 57.66,
        "stdDev": 1.2235060919410066
    },
    "USO": {
        "prevClose": 134.3,
        "stdDev": 3.159962050230603
    },
    "UNG": {
        "prevClose": 11.54,
        "stdDev": 0.3591824850957709
    },
    "CPER": {
        "prevClose": 37.72,
        "stdDev": 0.739176640684226
    },
    "TLT": {
        "prevClose": 84.88,
        "stdDev": 0.7646854789215449
    },
    "HYG": {
        "prevClose": 79.47,
        "stdDev": 0.5448952357734894
    },
    "FXE": {
        "prevClose": 106.55,
        "stdDev": 0.5964623669703355
    },
    "FXY": {
        "prevClose": 57.17,
        "stdDev": 0.3642231443482298
    }
}