{
    "VIXY": {
        "prevClose": 23.85,
        "stdDev": 1.022158150722461
    },
    "SPY": {
        "prevClose": 758.54,
        "stdDev": 8.881124462495798
    },
    "QQQ": {
        "prevClose": 742.74,
        "stdDev": 12.569172580935133
    },
    "DIA": {
        "prevClose": 511.44,
        "stdDev": 5.972578697617431
    },
    "IWM": {
        "prevClose": 288.98,
        "stdDev": 4.361616388355108
    },
    "DAX": {
        "prevClose": 46.09,
        "stdDev": 0.623711321204263
    },
    "VT": {
        "prevClose": 158.6,
        "stdDev": 2.0586005088102626
    },
    "EEM": {
        "prevClose": 70.08,
        "stdDev": 1.1986347537248045
    },
    "AAPL": {
        "prevClose": 306.31,
        "stdDev": 8.565038538635218
    },
    "NVDA": {
        "prevClose": 224.36,
        "stdDev": 8.35294457171473
    },
    "PG": {
        "prevClose": 140.28,
        "stdDev": 1.8959267853546953
    },
    "WMT": {
        "prevClose": 114.6,
        "stdDev": 2.1089683385597247
    },
    "AEM": {
        "prevClose": 176.57,
        "stdDev": 5.422276686316071
    },
    "AMAT": {
        "prevClose": 458.17,
        "stdDev": 13.813153949797828
    },
    "XLK": {
        "prevClose": 195.76,
        "stdDev": 3.1898892853087752
    },
    "XLV": {
        "prevClose": 147.84,
        "stdDev": 1.6617356162361954
    },
    "XLF": {
        "prevClose": 51.43,
        "stdDev": 0.9172295993532976
    },
    "XLY": {
        "prevClose": 118.19,
        "stdDev": 1.6906640685565255
    },
    "XLI": {
        "prevClose": 172.4,
        "stdDev": 2.294059825053819
    },
    "XLP": {
        "prevClose": 82.03,
        "stdDev": 0.7865898622404137
    },
    "XLE": {
        "prevClose": 57.3,
        "stdDev": 1.037419968308572
    },
    "XLU": {
        "prevClose": 43.1,
        "stdDev": 0.5228095239924313
    },
    "GLD": {
        "prevClose": 411.26,
        "stdDev": 4.703310901111509
    },
    "SLV": {
        "prevClose": 67.67,
        "stdDev": 1.4336214059867107
    },
    "USO": {
        "prevClose": 135.5,
        "stdDev": 3.188086056058188
    },
    "UNG": {
        "prevClose": 11.54,
        "stdDev": 0.35929175609202685
    },
    "CPER": {
        "prevClose": 39.96,
        "stdDev": 0.782795506118667
    },
    "TLT": {
        "prevClose": 85.47,
        "stdDev": 0.77035236295423
    },
    "HYG": {
        "prevClose": 79.84,
        "stdDev": 0.5477751675804152
    },
    "FXE": {
        "prevClose": 107.33,
        "stdDev": 0.601029164912314
    },
    "FXY": {
        "prevClose": 57.51,
        "stdDev": 0.36664762902938897
    }
}