{
    "VIXY": {
        "prevClose": 22.98,
        "stdDev": 0.9847175770503308
    },
    "SPY": {
        "prevClose": 733.58,
        "stdDev": 8.589378040745775
    },
    "QQQ": {
        "prevClose": 713.65,
        "stdDev": 12.087007717057777
    },
    "DIA": {
        "prevClose": 516.62,
        "stdDev": 6.031583941887313
    },
    "IWM": {
        "prevClose": 295.32,
        "stdDev": 4.457671685193005
    },
    "DAX": {
        "prevClose": 44.795,
        "stdDev": 0.6059059525020075
    },
    "VT": {
        "prevClose": 154.33,
        "stdDev": 2.00365440138119
    },
    "EEM": {
        "prevClose": 67.17,
        "stdDev": 1.15185012973854
    },
    "AAPL": {
        "prevClose": 294.3,
        "stdDev": 8.225741529231906
    },
    "NVDA": {
        "prevClose": 200.04,
        "stdDev": 7.445577099173499
    },
    "PG": {
        "prevClose": 150.86,
        "stdDev": 2.0391990489430274
    },
    "WMT": {
        "prevClose": 119.42,
        "stdDev": 2.197114842051604
    },
    "AEM": {
        "prevClose": 160.16,
        "stdDev": 4.919527109014992
    },
    "AMAT": {
        "prevClose": 585.88,
        "stdDev": 17.692583959122803
    },
    "XLK": {
        "prevClose": 184.19,
        "stdDev": 3.00870308961825
    },
    "XLV": {
        "prevClose": 152.18,
        "stdDev": 1.7106693324576432
    },
    "XLF": {
        "prevClose": 53.88,
        "stdDev": 0.9602275106298663
    },
    "XLY": {
        "prevClose": 113.76,
        "stdDev": 1.6273447494135447
    },
    "XLI": {
        "prevClose": 178.15,
        "stdDev": 2.3713751758278336
    },
    "XLP": {
        "prevClose": 83.72,
        "stdDev": 0.8030082462710809
    },
    "XLE": {
        "prevClose": 54.46,
        "stdDev": 0.98572354065005
    },
    "XLU": {
        "prevClose": 45.07,
        "stdDev": 0.5464966496227055
    },
    "GLD": {
        "prevClose": 377.32,
        "stdDev": 4.328209661112097
    },
    "SLV": {
        "prevClose": 55.73,
        "stdDev": 1.184126287564227
    },
    "USO": {
        "prevClose": 111.26,
        "stdDev": 2.6188319550605925
    },
    "UNG": {
        "prevClose": 11.5,
        "stdDev": 0.35776677075892244
    },
    "CPER": {
        "prevClose": 37.32,
        "stdDev": 0.7314175665633577
    },
    "TLT": {
        "prevClose": 86.2,
        "stdDev": 0.776286626962278
    },
    "HYG": {
        "prevClose": 79.87,
        "stdDev": 0.5472596038445743
    },
    "FXE": {
        "prevClose": 105.03,
        "stdDev": 0.587765642310209
    },
    "FXY": {
        "prevClose": 56.8,
        "stdDev": 0.3616154417287086
    }
}