{
    "VIXY": {
        "prevClose": 21.9,
        "stdDev": 0.9384947850827734
    },
    "SPY": {
        "prevClose": 746.74,
        "stdDev": 8.743601039004929
    },
    "QQQ": {
        "prevClose": 740.62,
        "stdDev": 12.541945146560748
    },
    "DIA": {
        "prevClose": 515.52,
        "stdDev": 6.0195567114094795
    },
    "IWM": {
        "prevClose": 295.59,
        "stdDev": 4.462174316194783
    },
    "DAX": {
        "prevClose": 45.365,
        "stdDev": 0.6137555443673953
    },
    "VT": {
        "prevClose": 157.66,
        "stdDev": 2.0467438649769036
    },
    "EEM": {
        "prevClose": 70.79,
        "stdDev": 1.2129003305454042
    },
    "AAPL": {
        "prevClose": 298.01,
        "stdDev": 8.330110078336741
    },
    "NVDA": {
        "prevClose": 210.69,
        "stdDev": 7.8422900186112505
    },
    "PG": {
        "prevClose": 150.38,
        "stdDev": 2.0325686556070814
    },
    "WMT": {
        "prevClose": 117.18,
        "stdDev": 2.155983439520395
    },
    "AEM": {
        "prevClose": 166.66,
        "stdDev": 5.119220716025649
    },
    "AMAT": {
        "prevClose": 617.11,
        "stdDev": 18.629135966300147
    },
    "XLK": {
        "prevClose": 191.44,
        "stdDev": 3.1259996547694073
    },
    "XLV": {
        "prevClose": 149.4,
        "stdDev": 1.6794091200315988
    },
    "XLF": {
        "prevClose": 53.57,
        "stdDev": 0.9548239619819392
    },
    "XLY": {
        "prevClose": 117.16,
        "stdDev": 1.675979136802467
    },
    "XLI": {
        "prevClose": 180.91,
        "stdDev": 2.4079984099389025
    },
    "XLP": {
        "prevClose": 83.3,
        "stdDev": 0.7988584330847277
    },
    "XLE": {
        "prevClose": 53.77,
        "stdDev": 0.9733314664735666
    },
    "XLU": {
        "prevClose": 44.76,
        "stdDev": 0.5427910533758215
    },
    "GLD": {
        "prevClose": 387.12,
        "stdDev": 4.440112644334774
    },
    "SLV": {
        "prevClose": 59.51,
        "stdDev": 1.263801463083614
    },
    "USO": {
        "prevClose": 114.87,
        "stdDev": 2.7040910014891484
    },
    "UNG": {
        "prevClose": 11.74,
        "stdDev": 0.3652896031572191
    },
    "CPER": {
        "prevClose": 38.86,
        "stdDev": 0.7613896508674071
    },
    "TLT": {
        "prevClose": 86.75,
        "stdDev": 0.7813201507072695
    },
    "HYG": {
        "prevClose": 80.01,
        "stdDev": 0.548329690161216
    },
    "FXE": {
        "prevClose": 105.77,
        "stdDev": 0.5919760210566529
    },
    "FXY": {
        "prevClose": 56.85,
        "stdDev": 0.3620071998285089
    }
}