{
    "VIXY": {
        "prevClose": 27.72,
        "stdDev": 1.1903995156288658
    },
    "SPY": {
        "prevClose": 718.01,
        "stdDev": 8.413226398940234
    },
    "QQQ": {
        "prevClose": 672.88,
        "stdDev": 11.39609093625836
    },
    "DIA": {
        "prevClose": 489.56,
        "stdDev": 5.722559680548447
    },
    "IWM": {
        "prevClose": 277.88,
        "stdDev": 4.1960947541581755
    },
    "DAX": {
        "prevClose": 44.305,
        "stdDev": 0.5996592612758713
    },
    "VT": {
        "prevClose": 150.56,
        "stdDev": 1.9566002478339324
    },
    "EEM": {
        "prevClose": 64.1,
        "stdDev": 1.0959042341045584
    },
    "AAPL": {
        "prevClose": 276.83,
        "stdDev": 7.7451568283827825
    },
    "NVDA": {
        "prevClose": 198.48,
        "stdDev": 7.394391207208364
    },
    "PG": {
        "prevClose": 143.42,
        "stdDev": 1.93831348790408
    },
    "WMT": {
        "prevClose": 130.33,
        "stdDev": 2.3992463725748383
    },
    "AEM": {
        "prevClose": 179.93,
        "stdDev": 5.525850954505435
    },
    "AMAT": {
        "prevClose": 391.38,
        "stdDev": 11.864007533967849
    },
    "XLK": {
        "prevClose": 162.05,
        "stdDev": 2.639909522773883
    },
    "XLV": {
        "prevClose": 144.73,
        "stdDev": 1.6276702288650422
    },
    "XLF": {
        "prevClose": 51.58,
        "stdDev": 0.920983388261808
    },
    "XLY": {
        "prevClose": 117.72,
        "stdDev": 1.6847981854485259
    },
    "XLI": {
        "prevClose": 170.98,
        "stdDev": 2.2763428269156276
    },
    "XLP": {
        "prevClose": 83.54,
        "stdDev": 0.8012248259985281
    },
    "XLE": {
        "prevClose": 59.39,
        "stdDev": 1.0752618369023403
    },
    "XLU": {
        "prevClose": 46.37,
        "stdDev": 0.5625170589423827
    },
    "GLD": {
        "prevClose": 414.71,
        "stdDev": 4.741668582029025
    },
    "SLV": {
        "prevClose": 65.94,
        "stdDev": 1.3919995621323047
    },
    "USO": {
        "prevClose": 147.61,
        "stdDev": 3.4669380240812484
    },
    "UNG": {
        "prevClose": 10.95,
        "stdDev": 0.34100274923480334
    },
    "CPER": {
        "prevClose": 35.58,
        "stdDev": 0.6967220193658615
    },
    "TLT": {
        "prevClose": 84.96,
        "stdDev": 0.7664160483246162
    },
    "HYG": {
        "prevClose": 79.8,
        "stdDev": 0.5483820389155586
    },
    "FXE": {
        "prevClose": 107.9,
        "stdDev": 0.6050314448836954
    },
    "FXY": {
        "prevClose": 58.44,
        "stdDev": 0.3731702740011663
    }
}