{
    "VIXY": {
        "prevClose": 35.49,
        "stdDev": 1.5255177641565778
    },
    "SPY": {
        "prevClose": 645.09,
        "stdDev": 7.561941045798398
    },
    "QQQ": {
        "prevClose": 573.79,
        "stdDev": 9.725594735648695
    },
    "DIA": {
        "prevClose": 459.31,
        "stdDev": 5.371349730234143
    },
    "IWM": {
        "prevClose": 247.44,
        "stdDev": 3.73834140653383
    },
    "DAX": {
        "prevClose": 41.17,
        "stdDev": 0.5570247105039284
    },
    "VT": {
        "prevClose": 136.44,
        "stdDev": 1.7744824093664986
    },
    "EEM": {
        "prevClose": 55.47,
        "stdDev": 0.9484780959041185
    },
    "AAPL": {
        "prevClose": 252.89,
        "stdDev": 7.080732471601538
    },
    "NVDA": {
        "prevClose": 171.24,
        "stdDev": 6.387243606911222
    },
    "PG": {
        "prevClose": 142.42,
        "stdDev": 1.9248262070924427
    },
    "WMT": {
        "prevClose": 122.18,
        "stdDev": 2.2498565791714578
    },
    "AEM": {
        "prevClose": 187.56,
        "stdDev": 5.761753984705663
    },
    "AMAT": {
        "prevClose": 338.55,
        "stdDev": 10.26325621573885
    },
    "XLK": {
        "prevClose": 132.5,
        "stdDev": 2.158493197812312
    },
    "XLV": {
        "prevClose": 145.74,
        "stdDev": 1.6394750300340049
    },
    "XLF": {
        "prevClose": 49.05,
        "stdDev": 0.8769094754397623
    },
    "XLY": {
        "prevClose": 108.83,
        "stdDev": 1.5576034496562028
    },
    "XLI": {
        "prevClose": 161.27,
        "stdDev": 2.1462911167887926
    },
    "XLP": {
        "prevClose": 81.14,
        "stdDev": 0.7782900155797983
    },
    "XLE": {
        "prevClose": 61.52,
        "stdDev": 1.1143002444424948
    },
    "XLU": {
        "prevClose": 45.33,
        "stdDev": 0.5502289925809621
    },
    "GLD": {
        "prevClose": 400.64,
        "stdDev": 4.570401052032499
    },
    "SLV": {
        "prevClose": 60.77,
        "stdDev": 1.279936451318596
    },
    "USO": {
        "prevClose": 117.26,
        "stdDev": 2.733598278039357
    },
    "UNG": {
        "prevClose": 11.84,
        "stdDev": 0.3692113402204781
    },
    "CPER": {
        "prevClose": 33.33,
        "stdDev": 0.5232506619195539
    },
    "TLT": {
        "prevClose": 86.11,
        "stdDev": 0.7779636262612972
    },
    "HYG": {
        "prevClose": 78.92,
        "stdDev": 0.5435159811722053
    },
    "FXE": {
        "prevClose": 106.3,
        "stdDev": 0.5970340381926416
    },
    "FXY": {
        "prevClose": 57.43,
        "stdDev": 0.36698925840469504
    }
}