{
    "VIXY": {
        "prevClose": 24.13,
        "stdDev": 1.0344754194149757
    },
    "SPY": {
        "prevClose": 750.46,
        "stdDev": 8.787957927371913
    },
    "QQQ": {
        "prevClose": 729.45,
        "stdDev": 12.346643296710404
    },
    "DIA": {
        "prevClose": 506.88,
        "stdDev": 5.920421163725488
    },
    "IWM": {
        "prevClose": 290.37,
        "stdDev": 4.3834672449557734
    },
    "DAX": {
        "prevClose": 46.3101,
        "stdDev": 0.6270099505454235
    },
    "VT": {
        "prevClose": 157.16,
        "stdDev": 2.0405535406951696
    },
    "EEM": {
        "prevClose": 68.39,
        "stdDev": 1.1698772210029895
    },
    "AAPL": {
        "prevClose": 310.85,
        "stdDev": 8.692930935312203
    },
    "NVDA": {
        "prevClose": 212.6,
        "stdDev": 7.91525457484611
    },
    "PG": {
        "prevClose": 147.49,
        "stdDev": 1.9932359285415993
    },
    "WMT": {
        "prevClose": 118.54,
        "stdDev": 2.1815086273410036
    },
    "AEM": {
        "prevClose": 174.91,
        "stdDev": 5.371404770877707
    },
    "AMAT": {
        "prevClose": 448.25,
        "stdDev": 13.515631147148802
    },
    "XLK": {
        "prevClose": 184.43,
        "stdDev": 3.0049283438497927
    },
    "XLV": {
        "prevClose": 148.79,
        "stdDev": 1.6723865534208626
    },
    "XLF": {
        "prevClose": 51.42,
        "stdDev": 0.917239542791603
    },
    "XLY": {
        "prevClose": 121.55,
        "stdDev": 1.7387131348874005
    },
    "XLI": {
        "prevClose": 174.3,
        "stdDev": 2.3198000465791138
    },
    "XLP": {
        "prevClose": 84.58,
        "stdDev": 0.8109221843036135
    },
    "XLE": {
        "prevClose": 56.99,
        "stdDev": 1.0319292701794582
    },
    "XLU": {
        "prevClose": 45.14,
        "stdDev": 0.5473802922150462
    },
    "GLD": {
        "prevClose": 408.49,
        "stdDev": 4.671561912850506
    },
    "SLV": {
        "prevClose": 67.5,
        "stdDev": 1.430364723404495
    },
    "USO": {
        "prevClose": 131.03,
        "stdDev": 3.0824306760918767
    },
    "UNG": {
        "prevClose": 11.18,
        "stdDev": 0.34800534032064473
    },
    "CPER": {
        "prevClose": 38.48,
        "stdDev": 0.7538383360917352
    },
    "TLT": {
        "prevClose": 85.3,
        "stdDev": 0.7689920696169003
    },
    "HYG": {
        "prevClose": 80.13,
        "stdDev": 0.5498875679743316
    },
    "FXE": {
        "prevClose": 107.31,
        "stdDev": 0.601010538894752
    },
    "FXY": {
        "prevClose": 57.54,
        "stdDev": 0.36694534344388857
    }
}