{
    "VIXY": {
        "prevClose": 28.39,
        "stdDev": 1.220465334051722
    },
    "SPY": {
        "prevClose": 708.72,
        "stdDev": 8.308048222444668
    },
    "QQQ": {
        "prevClose": 646.79,
        "stdDev": 10.959534908342809
    },
    "DIA": {
        "prevClose": 494.33,
        "stdDev": 5.780788487787754
    },
    "IWM": {
        "prevClose": 277.35,
        "stdDev": 4.190070153947712
    },
    "DAX": {
        "prevClose": 45.54,
        "stdDev": 0.616979196724263
    },
    "VT": {
        "prevClose": 150.48,
        "stdDev": 1.9569350692176377
    },
    "EEM": {
        "prevClose": 63.18,
        "stdDev": 1.0805189640652177
    },
    "AAPL": {
        "prevClose": 273.05,
        "stdDev": 7.6415188946095824
    },
    "NVDA": {
        "prevClose": 202.06,
        "stdDev": 7.5305830570386805
    },
    "PG": {
        "prevClose": 144.49,
        "stdDev": 1.9526367482184164
    },
    "WMT": {
        "prevClose": 127.92,
        "stdDev": 2.3552347831067535
    },
    "AEM": {
        "prevClose": 216.39,
        "stdDev": 6.64551993078984
    },
    "AMAT": {
        "prevClose": 391.62,
        "stdDev": 11.872440847532461
    },
    "XLK": {
        "prevClose": 154.56,
        "stdDev": 2.518345206955389
    },
    "XLV": {
        "prevClose": 147.42,
        "stdDev": 1.658244766438589
    },
    "XLF": {
        "prevClose": 52.63,
        "stdDev": 0.940350181745098
    },
    "XLY": {
        "prevClose": 119.87,
        "stdDev": 1.7164691766294897
    },
    "XLI": {
        "prevClose": 173.9,
        "stdDev": 2.315304981988059
    },
    "XLP": {
        "prevClose": 82.39,
        "stdDev": 0.790228367806343
    },
    "XLE": {
        "prevClose": 55.07,
        "stdDev": 0.9974360321266471
    },
    "XLU": {
        "prevClose": 45.75,
        "stdDev": 0.5548831481644039
    },
    "GLD": {
        "prevClose": 442.09,
        "stdDev": 5.0510404150104
    },
    "SLV": {
        "prevClose": 72.15,
        "stdDev": 1.5217456121044899
    },
    "USO": {
        "prevClose": 121.32,
        "stdDev": 2.8445466915378037
    },
    "UNG": {
        "prevClose": 10.85,
        "stdDev": 0.33804290191095854
    },
    "CPER": {
        "prevClose": 37.01,
        "stdDev": 0.5807505234429814
    },
    "TLT": {
        "prevClose": 87.05,
        "stdDev": 0.7857601698958095
    },
    "HYG": {
        "prevClose": 80.58,
        "stdDev": 0.5542526099922922
    },
    "FXE": {
        "prevClose": 108.79,
        "stdDev": 0.6104610612302921
    },
    "FXY": {
        "prevClose": 57.78,
        "stdDev": 0.3687576115028329
    }
}