{
    "VIXY": {
        "prevClose": 28.51,
        "stdDev": 1.2251924089011437
    },
    "SPY": {
        "prevClose": 708.45,
        "stdDev": 8.303973709515114
    },
    "QQQ": {
        "prevClose": 651.42,
        "stdDev": 11.036452502565806
    },
    "DIA": {
        "prevClose": 493.0,
        "stdDev": 5.764311205220907
    },
    "IWM": {
        "prevClose": 275.52,
        "stdDev": 4.161708070296196
    },
    "DAX": {
        "prevClose": 44.565,
        "stdDev": 0.603675815201499
    },
    "VT": {
        "prevClose": 149.15,
        "stdDev": 1.9393212490218232
    },
    "EEM": {
        "prevClose": 62.35,
        "stdDev": 1.0663067690094714
    },
    "AAPL": {
        "prevClose": 273.43,
        "stdDev": 7.651715799039455
    },
    "NVDA": {
        "prevClose": 199.64,
        "stdDev": 7.438968245809176
    },
    "PG": {
        "prevClose": 145.71,
        "stdDev": 1.9691510995765273
    },
    "WMT": {
        "prevClose": 132.03,
        "stdDev": 2.4307387140974854
    },
    "AEM": {
        "prevClose": 198.96,
        "stdDev": 6.110693144206908
    },
    "AMAT": {
        "prevClose": 403.91,
        "stdDev": 12.243606007212266
    },
    "XLK": {
        "prevClose": 155.84,
        "stdDev": 2.5391152655327622
    },
    "XLV": {
        "prevClose": 146.24,
        "stdDev": 1.644726827675711
    },
    "XLF": {
        "prevClose": 51.8,
        "stdDev": 0.9253420230386832
    },
    "XLY": {
        "prevClose": 117.74,
        "stdDev": 1.6857035340252258
    },
    "XLI": {
        "prevClose": 174.07,
        "stdDev": 2.3175537979953575
    },
    "XLP": {
        "prevClose": 83.48,
        "stdDev": 0.8007126188837159
    },
    "XLE": {
        "prevClose": 56.98,
        "stdDev": 1.03189379467549
    },
    "XLU": {
        "prevClose": 46.09,
        "stdDev": 0.5591695484805831
    },
    "GLD": {
        "prevClose": 431.04,
        "stdDev": 4.927323547253817
    },
    "SLV": {
        "prevClose": 68.38,
        "stdDev": 1.4431875796946774
    },
    "USO": {
        "prevClose": 134.72,
        "stdDev": 3.1605556153273033
    },
    "UNG": {
        "prevClose": 10.52,
        "stdDev": 0.32771550749569756
    },
    "CPER": {
        "prevClose": 36.96,
        "stdDev": 0.5801418393756889
    },
    "TLT": {
        "prevClose": 86.55,
        "stdDev": 0.7810835379316062
    },
    "HYG": {
        "prevClose": 80.37,
        "stdDev": 0.5526510158976421
    },
    "FXE": {
        "prevClose": 107.83,
        "stdDev": 0.6049613623891013
    },
    "FXY": {
        "prevClose": 57.48,
        "stdDev": 0.36675236441026776
    }
}