{
    "VIXY": {
        "prevClose": 27.81,
        "stdDev": 1.194893949715589
    },
    "SPY": {
        "prevClose": 715.17,
        "stdDev": 8.38194034357277
    },
    "QQQ": {
        "prevClose": 664.23,
        "stdDev": 11.252820429392795
    },
    "DIA": {
        "prevClose": 491.83,
        "stdDev": 5.749837080738945
    },
    "IWM": {
        "prevClose": 277.14,
        "stdDev": 4.185558343420452
    },
    "DAX": {
        "prevClose": 44.764,
        "stdDev": 0.6057081762398772
    },
    "VT": {
        "prevClose": 150.32,
        "stdDev": 1.9541732925275412
    },
    "EEM": {
        "prevClose": 63.64,
        "stdDev": 1.0883325048587646
    },
    "AAPL": {
        "prevClose": 267.61,
        "stdDev": 7.488305938197327
    },
    "NVDA": {
        "prevClose": 216.61,
        "stdDev": 8.071452863774613
    },
    "PG": {
        "prevClose": 148.4,
        "stdDev": 2.005551968325521
    },
    "WMT": {
        "prevClose": 127.59,
        "stdDev": 2.3489851286414516
    },
    "AEM": {
        "prevClose": 198.13,
        "stdDev": 6.084784517039762
    },
    "AMAT": {
        "prevClose": 404.86,
        "stdDev": 12.27244258035964
    },
    "XLK": {
        "prevClose": 160.57,
        "stdDev": 2.61633920221992
    },
    "XLV": {
        "prevClose": 143.46,
        "stdDev": 1.6134474463141522
    },
    "XLF": {
        "prevClose": 51.81,
        "stdDev": 0.9254095132156095
    },
    "XLY": {
        "prevClose": 117.84,
        "stdDev": 1.6869592080127267
    },
    "XLI": {
        "prevClose": 172.51,
        "stdDev": 2.296536761556179
    },
    "XLP": {
        "prevClose": 82.34,
        "stdDev": 0.7897455419798519
    },
    "XLE": {
        "prevClose": 56.77,
        "stdDev": 1.0279433624312353
    },
    "XLU": {
        "prevClose": 46.19,
        "stdDev": 0.5603019989056596
    },
    "GLD": {
        "prevClose": 429.89,
        "stdDev": 4.913577651420283
    },
    "SLV": {
        "prevClose": 68.33,
        "stdDev": 1.441871679432372
    },
    "USO": {
        "prevClose": 134.72,
        "stdDev": 3.160272459195425
    },
    "UNG": {
        "prevClose": 10.49,
        "stdDev": 0.3267373663593511
    },
    "CPER": {
        "prevClose": 36.93,
        "stdDev": 0.7233818894581939
    },
    "TLT": {
        "prevClose": 86.28,
        "stdDev": 0.778539793518068
    },
    "HYG": {
        "prevClose": 80.51,
        "stdDev": 0.5534998383433419
    },
    "FXE": {
        "prevClose": 108.08,
        "stdDev": 0.6062654248994624
    },
    "FXY": {
        "prevClose": 57.58,
        "stdDev": 0.367316899122082
    }
}