{
    "VIXY": {
        "prevClose": 21.82,
        "stdDev": 0.9351182241059648
    },
    "SPY": {
        "prevClose": 750.33,
        "stdDev": 8.785660212099808
    },
    "QQQ": {
        "prevClose": 729.86,
        "stdDev": 12.359322589750374
    },
    "DIA": {
        "prevClose": 521.44,
        "stdDev": 6.08920864727867
    },
    "IWM": {
        "prevClose": 292.08,
        "stdDev": 4.409604438376662
    },
    "DAX": {
        "prevClose": 45.4328,
        "stdDev": 0.6147282624151731
    },
    "VT": {
        "prevClose": 157.99,
        "stdDev": 2.0511652281867376
    },
    "EEM": {
        "prevClose": 68.64,
        "stdDev": 1.1695072635287134
    },
    "AAPL": {
        "prevClose": 299.24,
        "stdDev": 8.365138352106506
    },
    "NVDA": {
        "prevClose": 207.41,
        "stdDev": 7.720922452985123
    },
    "PG": {
        "prevClose": 152.49,
        "stdDev": 2.0611541952305816
    },
    "WMT": {
        "prevClose": 121.03,
        "stdDev": 2.2268140466890602
    },
    "AEM": {
        "prevClose": 175.82,
        "stdDev": 5.4006268401055095
    },
    "AMAT": {
        "prevClose": 568.23,
        "stdDev": 17.152383056681224
    },
    "XLK": {
        "prevClose": 186.44,
        "stdDev": 3.0440644969905506
    },
    "XLV": {
        "prevClose": 152.94,
        "stdDev": 1.719148845991816
    },
    "XLF": {
        "prevClose": 54.35,
        "stdDev": 0.9688409609475449
    },
    "XLY": {
        "prevClose": 118.46,
        "stdDev": 1.6943060846132934
    },
    "XLI": {
        "prevClose": 179.85,
        "stdDev": 2.394186184148109
    },
    "XLP": {
        "prevClose": 85.59,
        "stdDev": 0.8205871024790322
    },
    "XLE": {
        "prevClose": 55.36,
        "stdDev": 1.002158265004522
    },
    "XLU": {
        "prevClose": 45.06,
        "stdDev": 0.5464465519515761
    },
    "GLD": {
        "prevClose": 397.63,
        "stdDev": 4.559696376715412
    },
    "SLV": {
        "prevClose": 63.39,
        "stdDev": 1.34576327474393
    },
    "USO": {
        "prevClose": 115.47,
        "stdDev": 2.718680775154692
    },
    "UNG": {
        "prevClose": 11.76,
        "stdDev": 0.365969109836233
    },
    "CPER": {
        "prevClose": 39.55,
        "stdDev": 0.7749610968964148
    },
    "TLT": {
        "prevClose": 86.19,
        "stdDev": 0.7763862502872377
    },
    "HYG": {
        "prevClose": 80.03,
        "stdDev": 0.5485482902499828
    },
    "FXE": {
        "prevClose": 107.12,
        "stdDev": 0.5994477160139029
    },
    "FXY": {
        "prevClose": 57.19,
        "stdDev": 0.36422872283369817
    }
}