{
    "VIXY": {
        "prevClose": 24.31,
        "stdDev": 1.0418209539523628
    },
    "SPY": {
        "prevClose": 737.55,
        "stdDev": 8.636212852873344
    },
    "QQQ": {
        "prevClose": 705.06,
        "stdDev": 11.935687751594386
    },
    "DIA": {
        "prevClose": 509.7,
        "stdDev": 5.952469533519705
    },
    "IWM": {
        "prevClose": 281.65,
        "stdDev": 4.252281543167875
    },
    "DAX": {
        "prevClose": 44.73,
        "stdDev": 0.6054381471279162
    },
    "VT": {
        "prevClose": 153.68,
        "stdDev": 1.9953054796835992
    },
    "EEM": {
        "prevClose": 64.59,
        "stdDev": 1.1059822210838015
    },
    "AAPL": {
        "prevClose": 307.34,
        "stdDev": 8.592930954603359
    },
    "NVDA": {
        "prevClose": 205.1,
        "stdDev": 7.637213903724488
    },
    "PG": {
        "prevClose": 146.54,
        "stdDev": 1.9808325586512419
    },
    "WMT": {
        "prevClose": 118.88,
        "stdDev": 2.187741077232146
    },
    "AEM": {
        "prevClose": 163.66,
        "stdDev": 5.026808471171362
    },
    "AMAT": {
        "prevClose": 453.01,
        "stdDev": 13.665197829596364
    },
    "XLK": {
        "prevClose": 180.3,
        "stdDev": 2.941382892474248
    },
    "XLV": {
        "prevClose": 153.01,
        "stdDev": 1.720420490498488
    },
    "XLF": {
        "prevClose": 52.3,
        "stdDev": 0.9326424965121477
    },
    "XLY": {
        "prevClose": 114.86,
        "stdDev": 1.642873118291705
    },
    "XLI": {
        "prevClose": 174.18,
        "stdDev": 2.3174280490161197
    },
    "XLP": {
        "prevClose": 83.44,
        "stdDev": 0.800069011985944
    },
    "XLE": {
        "prevClose": 57.67,
        "stdDev": 1.0439633633605512
    },
    "XLU": {
        "prevClose": 44.35,
        "stdDev": 0.5379366848130568
    },
    "GLD": {
        "prevClose": 396.24,
        "stdDev": 4.534940014143297
    },
    "SLV": {
        "prevClose": 61.57,
        "stdDev": 1.3061750772080927
    },
    "USO": {
        "prevClose": 133.02,
        "stdDev": 3.1298767531741793
    },
    "UNG": {
        "prevClose": 11.67,
        "stdDev": 0.363309667327652
    },
    "CPER": {
        "prevClose": 38.08,
        "stdDev": 0.7463551190759676
    },
    "TLT": {
        "prevClose": 85.06,
        "stdDev": 0.7664664715016388
    },
    "HYG": {
        "prevClose": 79.43,
        "stdDev": 0.5447828460083022
    },
    "FXE": {
        "prevClose": 106.29,
        "stdDev": 0.5950621596220936
    },
    "FXY": {
        "prevClose": 57.31,
        "stdDev": 0.3652261578629995
    }
}