{
    "VIXY": {
        "prevClose": 38.23,
        "stdDev": 1.6437677042439327
    },
    "SPY": {
        "prevClose": 634.09,
        "stdDev": 7.433553283226266
    },
    "QQQ": {
        "prevClose": 562.58,
        "stdDev": 9.535873691371126
    },
    "DIA": {
        "prevClose": 451.39,
        "stdDev": 5.279213135580969
    },
    "IWM": {
        "prevClose": 243.1,
        "stdDev": 3.6728912213427227
    },
    "DAX": {
        "prevClose": 40.478,
        "stdDev": 0.5477217927992096
    },
    "VT": {
        "prevClose": 134.62,
        "stdDev": 1.7508349717831517
    },
    "EEM": {
        "prevClose": 55.2,
        "stdDev": 0.9437873165982485
    },
    "AAPL": {
        "prevClose": 248.8,
        "stdDev": 6.966022704472739
    },
    "NVDA": {
        "prevClose": 167.52,
        "stdDev": 6.248207431978489
    },
    "PG": {
        "prevClose": 142.71,
        "stdDev": 1.928686830944425
    },
    "WMT": {
        "prevClose": 122.89,
        "stdDev": 2.262853387765338
    },
    "AEM": {
        "prevClose": 193.4,
        "stdDev": 5.9411504535430115
    },
    "AMAT": {
        "prevClose": 337.17,
        "stdDev": 10.22094334835111
    },
    "XLK": {
        "prevClose": 129.92,
        "stdDev": 2.1165422935987843
    },
    "XLV": {
        "prevClose": 143.26,
        "stdDev": 1.6117429080271126
    },
    "XLF": {
        "prevClose": 47.81,
        "stdDev": 0.8548086051674068
    },
    "XLY": {
        "prevClose": 105.68,
        "stdDev": 1.5128853882384274
    },
    "XLI": {
        "prevClose": 159.2,
        "stdDev": 2.11874126854342
    },
    "XLP": {
        "prevClose": 81.78,
        "stdDev": 0.7844075571677029
    },
    "XLE": {
        "prevClose": 62.56,
        "stdDev": 1.1331228252499732
    },
    "XLU": {
        "prevClose": 45.59,
        "stdDev": 0.5533526268280079
    },
    "GLD": {
        "prevClose": 414.7,
        "stdDev": 4.734283297536418
    },
    "SLV": {
        "prevClose": 63.44,
        "stdDev": 1.3365867301919807
    },
    "USO": {
        "prevClose": 124.2,
        "stdDev": 2.8968692193879706
    },
    "UNG": {
        "prevClose": 12.28,
        "stdDev": 0.3829509176952968
    },
    "CPER": {
        "prevClose": 33.45,
        "stdDev": 0.5250585161561035
    },
    "TLT": {
        "prevClose": 85.64,
        "stdDev": 0.7736775237557925
    },
    "HYG": {
        "prevClose": 78.72,
        "stdDev": 0.5420906731102694
    },
    "FXE": {
        "prevClose": 106.31,
        "stdDev": 0.5970316998539936
    },
    "FXY": {
        "prevClose": 57.36,
        "stdDev": 0.3665050532293431
    }
}