{
    "VIXY": {
        "prevClose": 30.51,
        "stdDev": 1.312645448536843
    },
    "SPY": {
        "prevClose": 676.01,
        "stdDev": 7.926828364466299
    },
    "QQQ": {
        "prevClose": 606.09,
        "stdDev": 10.273764169248553
    },
    "DIA": {
        "prevClose": 479.16,
        "stdDev": 5.605235566273015
    },
    "IWM": {
        "prevClose": 260.47,
        "stdDev": 3.9362951312664243
    },
    "DAX": {
        "prevClose": 44.44,
        "stdDev": 0.6025114899991958
    },
    "VT": {
        "prevClose": 144.58,
        "stdDev": 1.8813736644169363
    },
    "EEM": {
        "prevClose": 60.44,
        "stdDev": 1.0341133249390404
    },
    "AAPL": {
        "prevClose": 258.9,
        "stdDev": 7.247358899831812
    },
    "NVDA": {
        "prevClose": 182.08,
        "stdDev": 6.7890817039728
    },
    "PG": {
        "prevClose": 144.9,
        "stdDev": 1.958187221664603
    },
    "WMT": {
        "prevClose": 127.26,
        "stdDev": 2.343434192285477
    },
    "AEM": {
        "prevClose": 215.59,
        "stdDev": 6.62245298822973
    },
    "AMAT": {
        "prevClose": 385.72,
        "stdDev": 11.697033921962067
    },
    "XLK": {
        "prevClose": 141.69,
        "stdDev": 2.309196475327474
    },
    "XLV": {
        "prevClose": 149.67,
        "stdDev": 1.6838811297756051
    },
    "XLF": {
        "prevClose": 51.2,
        "stdDev": 0.9152165639871854
    },
    "XLY": {
        "prevClose": 110.82,
        "stdDev": 1.5868959006632228
    },
    "XLI": {
        "prevClose": 170.44,
        "stdDev": 2.2699093330103643
    },
    "XLP": {
        "prevClose": 82.78,
        "stdDev": 0.794089922206362
    },
    "XLE": {
        "prevClose": 58.05,
        "stdDev": 1.0516318321586489
    },
    "XLU": {
        "prevClose": 46.78,
        "stdDev": 0.5675694506305462
    },
    "GLD": {
        "prevClose": 434.53,
        "stdDev": 4.965124509545368
    },
    "SLV": {
        "prevClose": 67.47,
        "stdDev": 1.422632246289326
    },
    "USO": {
        "prevClose": 124.58,
        "stdDev": 2.9168856078516883
    },
    "UNG": {
        "prevClose": 11.08,
        "stdDev": 0.3454616404601742
    },
    "CPER": {
        "prevClose": 35.25,
        "stdDev": 0.5533419920445356
    },
    "TLT": {
        "prevClose": 86.92,
        "stdDev": 0.784958362950507
    },
    "HYG": {
        "prevClose": 80.19,
        "stdDev": 0.5519642722761404
    },
    "FXE": {
        "prevClose": 107.69,
        "stdDev": 0.6046982166052005
    },
    "FXY": {
        "prevClose": 57.9,
        "stdDev": 0.36978863273984713
    }
}