{
    "VIXY": {
        "prevClose": 32.71,
        "stdDev": 1.4065035069467386
    },
    "SPY": {
        "prevClose": 658.93,
        "stdDev": 7.7254133898029345
    },
    "QQQ": {
        "prevClose": 588.5,
        "stdDev": 9.974931663729464
    },
    "DIA": {
        "prevClose": 466.77,
        "stdDev": 5.458883280607746
    },
    "IWM": {
        "prevClose": 252.36,
        "stdDev": 3.813226265207471
    },
    "DAX": {
        "prevClose": 42.75,
        "stdDev": 0.5788255461900297
    },
    "VT": {
        "prevClose": 140.07,
        "stdDev": 1.8219411218677588
    },
    "EEM": {
        "prevClose": 57.11,
        "stdDev": 0.9764985489387774
    },
    "AAPL": {
        "prevClose": 258.86,
        "stdDev": 7.246516342484434
    },
    "NVDA": {
        "prevClose": 177.64,
        "stdDev": 6.624346811389693
    },
    "PG": {
        "prevClose": 142.77,
        "stdDev": 1.929283429667158
    },
    "WMT": {
        "prevClose": 126.79,
        "stdDev": 2.3342779619465266
    },
    "AEM": {
        "prevClose": 208.5,
        "stdDev": 6.4049404759689
    },
    "AMAT": {
        "prevClose": 352.62,
        "stdDev": 10.690336362452673
    },
    "XLK": {
        "prevClose": 136.78,
        "stdDev": 2.2289320598193596
    },
    "XLV": {
        "prevClose": 146.28,
        "stdDev": 1.6455761511753317
    },
    "XLF": {
        "prevClose": 49.88,
        "stdDev": 0.8916146752387948
    },
    "XLY": {
        "prevClose": 109.04,
        "stdDev": 1.5611324896074907
    },
    "XLI": {
        "prevClose": 164.61,
        "stdDev": 2.1913828957721746
    },
    "XLP": {
        "prevClose": 82.66,
        "stdDev": 0.7926557443898843
    },
    "XLE": {
        "prevClose": 59.68,
        "stdDev": 1.0809924200297722
    },
    "XLU": {
        "prevClose": 46.17,
        "stdDev": 0.5602176728524828
    },
    "GLD": {
        "prevClose": 427.65,
        "stdDev": 4.887001999449718
    },
    "SLV": {
        "prevClose": 66.09,
        "stdDev": 1.393650265075827
    },
    "USO": {
        "prevClose": 138.94,
        "stdDev": 3.2475141168278947
    },
    "UNG": {
        "prevClose": 11.37,
        "stdDev": 0.35450491977663323
    },
    "CPER": {
        "prevClose": 34.3,
        "stdDev": 0.5382022266957666
    },
    "TLT": {
        "prevClose": 86.65,
        "stdDev": 0.7826436505216703
    },
    "HYG": {
        "prevClose": 79.7,
        "stdDev": 0.5486671872383325
    },
    "FXE": {
        "prevClose": 106.56,
        "stdDev": 0.5983629326957214
    },
    "FXY": {
        "prevClose": 57.53,
        "stdDev": 0.3674664700940872
    }
}