{
    "VIXY": {
        "prevClose": 21.29,
        "stdDev": 0.9118488844170393
    },
    "SPY": {
        "prevClose": 746.77,
        "stdDev": 8.742615481364764
    },
    "QQQ": {
        "prevClose": 736.4,
        "stdDev": 12.471383311504779
    },
    "DIA": {
        "prevClose": 522.39,
        "stdDev": 6.097054727605632
    },
    "IWM": {
        "prevClose": 300.45,
        "stdDev": 4.53354089984777
    },
    "DAX": {
        "prevClose": 44.168,
        "stdDev": 0.5972287152260589
    },
    "VT": {
        "prevClose": 156.95,
        "stdDev": 2.036860293376174
    },
    "EEM": {
        "prevClose": 68.41,
        "stdDev": 1.1727650825567124
    },
    "AAPL": {
        "prevClose": 289.36,
        "stdDev": 8.088497714187849
    },
    "NVDA": {
        "prevClose": 200.09,
        "stdDev": 7.445288832450835
    },
    "PG": {
        "prevClose": 146.64,
        "stdDev": 1.9821238737381635
    },
    "WMT": {
        "prevClose": 113.26,
        "stdDev": 2.0836401162643408
    },
    "AEM": {
        "prevClose": 155.13,
        "stdDev": 4.764659665401347
    },
    "AMAT": {
        "prevClose": 723.0,
        "stdDev": 21.86126194245937
    },
    "XLK": {
        "prevClose": 190.52,
        "stdDev": 3.112434732857111
    },
    "XLV": {
        "prevClose": 158.66,
        "stdDev": 1.7842072405574658
    },
    "XLF": {
        "prevClose": 53.61,
        "stdDev": 0.9550820485541796
    },
    "XLY": {
        "prevClose": 117.28,
        "stdDev": 1.6776748486393975
    },
    "XLI": {
        "prevClose": 185.23,
        "stdDev": 2.4658070165261536
    },
    "XLP": {
        "prevClose": 83.07,
        "stdDev": 0.7967716465635425
    },
    "XLE": {
        "prevClose": 53.11,
        "stdDev": 0.9610481233854341
    },
    "XLU": {
        "prevClose": 45.34,
        "stdDev": 0.5496922303986238
    },
    "GLD": {
        "prevClose": 368.38,
        "stdDev": 4.2277481485676045
    },
    "SLV": {
        "prevClose": 53.47,
        "stdDev": 1.1370856115242836
    },
    "USO": {
        "prevClose": 106.44,
        "stdDev": 2.5060949486415764
    },
    "UNG": {
        "prevClose": 11.72,
        "stdDev": 0.3645240834970764
    },
    "CPER": {
        "prevClose": 37.73,
        "stdDev": 0.7393057055738325
    },
    "TLT": {
        "prevClose": 86.42,
        "stdDev": 0.7782043124089606
    },
    "HYG": {
        "prevClose": 79.97,
        "stdDev": 0.5476680709755696
    },
    "FXE": {
        "prevClose": 105.44,
        "stdDev": 0.5898153939904616
    },
    "FXY": {
        "prevClose": 56.44,
        "stdDev": 0.3591556985321549
    }
}