{
    "VIXY": {
        "prevClose": 22.67,
        "stdDev": 0.9713044642015956
    },
    "SPY": {
        "prevClose": 757.09,
        "stdDev": 8.862824049419126
    },
    "QQQ": {
        "prevClose": 740.61,
        "stdDev": 12.530556147737974
    },
    "DIA": {
        "prevClose": 516.7,
        "stdDev": 6.034034590485321
    },
    "IWM": {
        "prevClose": 292.01,
        "stdDev": 4.407066378438827
    },
    "DAX": {
        "prevClose": 45.8219,
        "stdDev": 0.6199751349351111
    },
    "VT": {
        "prevClose": 158.54,
        "stdDev": 2.0572925848219454
    },
    "EEM": {
        "prevClose": 69.1,
        "stdDev": 1.1817113043664076
    },
    "AAPL": {
        "prevClose": 311.23,
        "stdDev": 8.701985632866228
    },
    "NVDA": {
        "prevClose": 218.66,
        "stdDev": 8.140915005836435
    },
    "PG": {
        "prevClose": 140.78,
        "stdDev": 1.902524524281245
    },
    "WMT": {
        "prevClose": 117.74,
        "stdDev": 2.1668227383601204
    },
    "AEM": {
        "prevClose": 176.75,
        "stdDev": 5.427790485926054
    },
    "AMAT": {
        "prevClose": 501.7,
        "stdDev": 15.127043805987205
    },
    "XLK": {
        "prevClose": 193.17,
        "stdDev": 3.147442627893863
    },
    "XLV": {
        "prevClose": 152.08,
        "stdDev": 1.710054891163095
    },
    "XLF": {
        "prevClose": 52.19,
        "stdDev": 0.9307475835738921
    },
    "XLY": {
        "prevClose": 117.26,
        "stdDev": 1.677059443323727
    },
    "XLI": {
        "prevClose": 176.16,
        "stdDev": 2.343810785054409
    },
    "XLP": {
        "prevClose": 82.04,
        "stdDev": 0.7865299083166655
    },
    "XLE": {
        "prevClose": 58.75,
        "stdDev": 1.0635070820406958
    },
    "XLU": {
        "prevClose": 43.94,
        "stdDev": 0.5329810381468771
    },
    "GLD": {
        "prevClose": 411.27,
        "stdDev": 4.70269134545285
    },
    "SLV": {
        "prevClose": 66.98,
        "stdDev": 1.418853307885568
    },
    "USO": {
        "prevClose": 136.74,
        "stdDev": 3.217295910862132
    },
    "UNG": {
        "prevClose": 12.12,
        "stdDev": 0.3773042741710091
    },
    "CPER": {
        "prevClose": 39.73,
        "stdDev": 0.7782993621801165
    },
    "TLT": {
        "prevClose": 85.5,
        "stdDev": 0.7704499975599229
    },
    "HYG": {
        "prevClose": 79.83,
        "stdDev": 0.5475034661557681
    },
    "FXE": {
        "prevClose": 107.15,
        "stdDev": 0.5998142348739932
    },
    "FXY": {
        "prevClose": 57.35,
        "stdDev": 0.3655183417132229
    }
}