{
    "VIXY": {
        "prevClose": 26.02,
        "stdDev": 1.1159289801620744
    },
    "SPY": {
        "prevClose": 741.25,
        "stdDev": 8.681976110885994
    },
    "QQQ": {
        "prevClose": 713.15,
        "stdDev": 12.073310226666887
    },
    "DIA": {
        "prevClose": 500.24,
        "stdDev": 5.844285246514517
    },
    "IWM": {
        "prevClose": 279.87,
        "stdDev": 4.2255422055101794
    },
    "DAX": {
        "prevClose": 45.575,
        "stdDev": 0.6172593758395174
    },
    "VT": {
        "prevClose": 154.63,
        "stdDev": 2.008404865106953
    },
    "EEM": {
        "prevClose": 65.46,
        "stdDev": 1.1196626066142976
    },
    "AAPL": {
        "prevClose": 302.25,
        "stdDev": 8.453781327448024
    },
    "NVDA": {
        "prevClose": 223.47,
        "stdDev": 8.321964219668592
    },
    "PG": {
        "prevClose": 142.44,
        "stdDev": 1.9248516936615419
    },
    "WMT": {
        "prevClose": 130.85,
        "stdDev": 2.406802209673416
    },
    "AEM": {
        "prevClose": 178.15,
        "stdDev": 5.471324748102049
    },
    "AMAT": {
        "prevClose": 426.85,
        "stdDev": 12.942741171951516
    },
    "XLK": {
        "prevClose": 177.14,
        "stdDev": 2.886338029734875
    },
    "XLV": {
        "prevClose": 147.13,
        "stdDev": 1.6539551191284718
    },
    "XLF": {
        "prevClose": 51.66,
        "stdDev": 0.9217685798680173
    },
    "XLY": {
        "prevClose": 117.94,
        "stdDev": 1.6873572409828435
    },
    "XLI": {
        "prevClose": 170.73,
        "stdDev": 2.272709813137878
    },
    "XLP": {
        "prevClose": 85.52,
        "stdDev": 0.8198932334474303
    },
    "XLE": {
        "prevClose": 59.8,
        "stdDev": 1.0828366592547176
    },
    "XLU": {
        "prevClose": 44.51,
        "stdDev": 0.5398468317534915
    },
    "GLD": {
        "prevClose": 417.4,
        "stdDev": 4.774355091419558
    },
    "SLV": {
        "prevClose": 68.73,
        "stdDev": 1.4564260252839165
    },
    "USO": {
        "prevClose": 144.27,
        "stdDev": 3.3934167298861513
    },
    "UNG": {
        "prevClose": 11.49,
        "stdDev": 0.3577283494306059
    },
    "CPER": {
        "prevClose": 38.57,
        "stdDev": 0.7559383812508969
    },
    "TLT": {
        "prevClose": 83.91,
        "stdDev": 0.7566601375525717
    },
    "HYG": {
        "prevClose": 79.86,
        "stdDev": 0.5482495102447219
    },
    "FXE": {
        "prevClose": 107.31,
        "stdDev": 0.6012302271772246
    },
    "FXY": {
        "prevClose": 57.78,
        "stdDev": 0.36862341609518134
    }
}