{
    "VIXY": {
        "prevClose": 34.35,
        "stdDev": 1.4775056174783159
    },
    "SPY": {
        "prevClose": 650.34,
        "stdDev": 7.625841899478985
    },
    "QQQ": {
        "prevClose": 577.18,
        "stdDev": 9.78478230426791
    },
    "DIA": {
        "prevClose": 463.19,
        "stdDev": 5.4180665138900315
    },
    "IWM": {
        "prevClose": 248.0,
        "stdDev": 3.748091277941048
    },
    "DAX": {
        "prevClose": 42.16,
        "stdDev": 0.5709598173364058
    },
    "VT": {
        "prevClose": 138.32,
        "stdDev": 1.7996397680714322
    },
    "EEM": {
        "prevClose": 56.79,
        "stdDev": 0.9712026417517623
    },
    "AAPL": {
        "prevClose": 253.79,
        "stdDev": 7.105457790453763
    },
    "NVDA": {
        "prevClose": 174.4,
        "stdDev": 6.504914613660206
    },
    "PG": {
        "prevClose": 144.44,
        "stdDev": 1.95200951922936
    },
    "WMT": {
        "prevClose": 124.28,
        "stdDev": 2.288291346173955
    },
    "AEM": {
        "prevClose": 202.98,
        "stdDev": 6.23576868492166
    },
    "AMAT": {
        "prevClose": 341.79,
        "stdDev": 10.362674671711329
    },
    "XLK": {
        "prevClose": 132.9,
        "stdDev": 2.1659984245748305
    },
    "XLV": {
        "prevClose": 146.61,
        "stdDev": 1.6495430607503285
    },
    "XLF": {
        "prevClose": 49.37,
        "stdDev": 0.8826811732147153
    },
    "XLY": {
        "prevClose": 108.98,
        "stdDev": 1.5604190602543833
    },
    "XLI": {
        "prevClose": 161.73,
        "stdDev": 2.153244093678277
    },
    "XLP": {
        "prevClose": 81.98,
        "stdDev": 0.7862123673088518
    },
    "XLE": {
        "prevClose": 61.26,
        "stdDev": 1.1094730328246025
    },
    "XLU": {
        "prevClose": 45.89,
        "stdDev": 0.5569260851375002
    },
    "GLD": {
        "prevClose": 430.29,
        "stdDev": 4.916091280823521
    },
    "SLV": {
        "prevClose": 68.14,
        "stdDev": 1.436898924011999
    },
    "USO": {
        "prevClose": 127.25,
        "stdDev": 2.968711079087384
    },
    "UNG": {
        "prevClose": 11.73,
        "stdDev": 0.3658175575235016
    },
    "CPER": {
        "prevClose": 34.43,
        "stdDev": 0.5404846602863463
    },
    "TLT": {
        "prevClose": 86.69,
        "stdDev": 0.7831707600738055
    },
    "HYG": {
        "prevClose": 79.56,
        "stdDev": 0.5478657539734553
    },
    "FXE": {
        "prevClose": 106.69,
        "stdDev": 0.5992266044162896
    },
    "FXY": {
        "prevClose": 57.88,
        "stdDev": 0.3697971775815859
    }
}