{
    "VIXY": {
        "prevClose": 21.7,
        "stdDev": 0.9300909314103435
    },
    "SPY": {
        "prevClose": 754.83,
        "stdDev": 8.83872049900373
    },
    "QQQ": {
        "prevClose": 744.0,
        "stdDev": 12.598454566448241
    },
    "DIA": {
        "prevClose": 518.44,
        "stdDev": 6.054508006742507
    },
    "IWM": {
        "prevClose": 294.64,
        "stdDev": 4.448470634360073
    },
    "DAX": {
        "prevClose": 45.5365,
        "stdDev": 0.6162339256299701
    },
    "VT": {
        "prevClose": 158.72,
        "stdDev": 2.060837614049701
    },
    "EEM": {
        "prevClose": 69.75,
        "stdDev": 1.1885287899974715
    },
    "AAPL": {
        "prevClose": 296.42,
        "stdDev": 8.286632120507313
    },
    "NVDA": {
        "prevClose": 212.45,
        "stdDev": 7.908848188689818
    },
    "PG": {
        "prevClose": 150.46,
        "stdDev": 2.0337199370245758
    },
    "WMT": {
        "prevClose": 120.82,
        "stdDev": 2.2230319825515683
    },
    "AEM": {
        "prevClose": 171.8,
        "stdDev": 5.277233393610738
    },
    "AMAT": {
        "prevClose": 585.78,
        "stdDev": 17.682089467482825
    },
    "XLK": {
        "prevClose": 191.79,
        "stdDev": 3.1309424150082386
    },
    "XLV": {
        "prevClose": 152.89,
        "stdDev": 1.7187111807397062
    },
    "XLF": {
        "prevClose": 53.56,
        "stdDev": 0.9547823699195188
    },
    "XLY": {
        "prevClose": 118.57,
        "stdDev": 1.696001108205856
    },
    "XLI": {
        "prevClose": 178.68,
        "stdDev": 2.37874627713382
    },
    "XLP": {
        "prevClose": 85.48,
        "stdDev": 0.8195911169049154
    },
    "XLE": {
        "prevClose": 55.55,
        "stdDev": 1.0056673972542676
    },
    "XLU": {
        "prevClose": 44.74,
        "stdDev": 0.5425926945127298
    },
    "GLD": {
        "prevClose": 396.55,
        "stdDev": 4.547713887333391
    },
    "SLV": {
        "prevClose": 63.47,
        "stdDev": 1.347594035151206
    },
    "USO": {
        "prevClose": 121.21,
        "stdDev": 2.852928092485948
    },
    "UNG": {
        "prevClose": 11.43,
        "stdDev": 0.35570268844458625
    },
    "CPER": {
        "prevClose": 39.65,
        "stdDev": 0.7770246482360331
    },
    "TLT": {
        "prevClose": 85.72,
        "stdDev": 0.7721943686228061
    },
    "HYG": {
        "prevClose": 80.04,
        "stdDev": 0.5486735826424081
    },
    "FXE": {
        "prevClose": 106.89,
        "stdDev": 0.5982101422510266
    },
    "FXY": {
        "prevClose": 57.24,
        "stdDev": 0.36458405136545413
    }
}