{
    "VIXY": {
        "prevClose": 27.43,
        "stdDev": 1.178084455183096
    },
    "SPY": {
        "prevClose": 720.65,
        "stdDev": 8.444603844046107
    },
    "QQQ": {
        "prevClose": 674.15,
        "stdDev": 11.418420941870941
    },
    "DIA": {
        "prevClose": 495.02,
        "stdDev": 5.7864003490901865
    },
    "IWM": {
        "prevClose": 279.28,
        "stdDev": 4.217518074024235
    },
    "DAX": {
        "prevClose": 45.152,
        "stdDev": 0.6110145331950112
    },
    "VT": {
        "prevClose": 151.44,
        "stdDev": 1.9682062598700982
    },
    "EEM": {
        "prevClose": 64.13,
        "stdDev": 1.096511437161568
    },
    "AAPL": {
        "prevClose": 280.14,
        "stdDev": 7.83803747694356
    },
    "NVDA": {
        "prevClose": 198.45,
        "stdDev": 7.393812013325614
    },
    "PG": {
        "prevClose": 147.26,
        "stdDev": 1.9900305465632107
    },
    "WMT": {
        "prevClose": 131.6,
        "stdDev": 2.4226868415161333
    },
    "AEM": {
        "prevClose": 183.56,
        "stdDev": 5.637450659169354
    },
    "AMAT": {
        "prevClose": 389.08,
        "stdDev": 11.794835178597733
    },
    "XLK": {
        "prevClose": 161.87,
        "stdDev": 2.6371684694940565
    },
    "XLV": {
        "prevClose": 145.16,
        "stdDev": 1.6326146783502458
    },
    "XLF": {
        "prevClose": 51.92,
        "stdDev": 0.9271118648084149
    },
    "XLY": {
        "prevClose": 118.63,
        "stdDev": 1.6979062049293532
    },
    "XLI": {
        "prevClose": 172.96,
        "stdDev": 2.3027377847440813
    },
    "XLP": {
        "prevClose": 84.17,
        "stdDev": 0.8072872330913131
    },
    "XLE": {
        "prevClose": 58.85,
        "stdDev": 1.0655442454437907
    },
    "XLU": {
        "prevClose": 46.55,
        "stdDev": 0.5647368250803219
    },
    "GLD": {
        "prevClose": 423.18,
        "stdDev": 4.837499659709355
    },
    "SLV": {
        "prevClose": 68.29,
        "stdDev": 1.4413502330458021
    },
    "USO": {
        "prevClose": 142.8,
        "stdDev": 3.3536254099887044
    },
    "UNG": {
        "prevClose": 10.71,
        "stdDev": 0.3335437143141996
    },
    "CPER": {
        "prevClose": 36.23,
        "stdDev": 0.7094634988656706
    },
    "TLT": {
        "prevClose": 85.61,
        "stdDev": 0.7723187901347471
    },
    "HYG": {
        "prevClose": 80.06,
        "stdDev": 0.5502117063055361
    },
    "FXE": {
        "prevClose": 108.11,
        "stdDev": 0.6062609437509041
    },
    "FXY": {
        "prevClose": 58.44,
        "stdDev": 0.373208873608277
    }
}