{
    "VIXY": {
        "prevClose": 28.29,
        "stdDev": 1.2164433539248296
    },
    "SPY": {
        "prevClose": 701.66,
        "stdDev": 8.225767361899083
    },
    "QQQ": {
        "prevClose": 640.47,
        "stdDev": 10.853561930659742
    },
    "DIA": {
        "prevClose": 485.63,
        "stdDev": 5.678944739616092
    },
    "IWM": {
        "prevClose": 269.95,
        "stdDev": 4.078254143230795
    },
    "DAX": {
        "prevClose": 44.985,
        "stdDev": 0.6093529656837521
    },
    "VT": {
        "prevClose": 148.79,
        "stdDev": 1.935152167624339
    },
    "EEM": {
        "prevClose": 62.45,
        "stdDev": 1.0680925296028976
    },
    "AAPL": {
        "prevClose": 263.4,
        "stdDev": 7.371807053091673
    },
    "NVDA": {
        "prevClose": 198.35,
        "stdDev": 7.393302051785561
    },
    "PG": {
        "prevClose": 143.11,
        "stdDev": 1.9337903746693312
    },
    "WMT": {
        "prevClose": 124.82,
        "stdDev": 2.2982206160775016
    },
    "AEM": {
        "prevClose": 214.93,
        "stdDev": 6.600952806678561
    },
    "AMAT": {
        "prevClose": 389.9,
        "stdDev": 11.821123250231864
    },
    "XLK": {
        "prevClose": 152.02,
        "stdDev": 2.4771697741017205
    },
    "XLV": {
        "prevClose": 146.61,
        "stdDev": 1.6490857824810263
    },
    "XLF": {
        "prevClose": 52.03,
        "stdDev": 0.9297507812461876
    },
    "XLY": {
        "prevClose": 117.63,
        "stdDev": 1.6843087082909647
    },
    "XLI": {
        "prevClose": 170.33,
        "stdDev": 2.267794557802227
    },
    "XLP": {
        "prevClose": 81.43,
        "stdDev": 0.7810399714401199
    },
    "XLE": {
        "prevClose": 56.58,
        "stdDev": 1.0247525185264645
    },
    "XLU": {
        "prevClose": 46.35,
        "stdDev": 0.5622130690339012
    },
    "GLD": {
        "prevClose": 440.08,
        "stdDev": 5.028130596178726
    },
    "SLV": {
        "prevClose": 71.24,
        "stdDev": 1.5023494624893396
    },
    "USO": {
        "prevClose": 125.84,
        "stdDev": 2.9465607286515874
    },
    "UNG": {
        "prevClose": 10.78,
        "stdDev": 0.33593036302301027
    },
    "CPER": {
        "prevClose": 36.94,
        "stdDev": 0.579776133650814
    },
    "TLT": {
        "prevClose": 86.28,
        "stdDev": 0.7788756931974903
    },
    "HYG": {
        "prevClose": 80.35,
        "stdDev": 0.5527695238124771
    },
    "FXE": {
        "prevClose": 108.73,
        "stdDev": 0.6102395015270441
    },
    "FXY": {
        "prevClose": 57.68,
        "stdDev": 0.3681797191659866
    }
}