{
    "VIXY": {
        "prevClose": 22.48,
        "stdDev": 0.963062284289667
    },
    "SPY": {
        "prevClose": 734.3,
        "stdDev": 8.596792378658138
    },
    "QQQ": {
        "prevClose": 716.38,
        "stdDev": 12.131725874908637
    },
    "DIA": {
        "prevClose": 519.26,
        "stdDev": 6.06159622131103
    },
    "IWM": {
        "prevClose": 298.91,
        "stdDev": 4.511276582811454
    },
    "DAX": {
        "prevClose": 44.7894,
        "stdDev": 0.6057784012254072
    },
    "VT": {
        "prevClose": 154.85,
        "stdDev": 2.0099779859118683
    },
    "EEM": {
        "prevClose": 67.96,
        "stdDev": 1.1652325385037767
    },
    "AAPL": {
        "prevClose": 275.15,
        "stdDev": 7.69158266506759
    },
    "NVDA": {
        "prevClose": 195.74,
        "stdDev": 7.284608815836186
    },
    "PG": {
        "prevClose": 148.5,
        "stdDev": 2.0073874676115944
    },
    "WMT": {
        "prevClose": 115.78,
        "stdDev": 2.1301757060082624
    },
    "AEM": {
        "prevClose": 156.18,
        "stdDev": 4.797325999497383
    },
    "AMAT": {
        "prevClose": 668.0,
        "stdDev": 20.185604941070782
    },
    "XLK": {
        "prevClose": 184.57,
        "stdDev": 3.014560560972879
    },
    "XLV": {
        "prevClose": 155.63,
        "stdDev": 1.7494597355530848
    },
    "XLF": {
        "prevClose": 53.45,
        "stdDev": 0.9524346583352877
    },
    "XLY": {
        "prevClose": 113.35,
        "stdDev": 1.6214518885086242
    },
    "XLI": {
        "prevClose": 184.12,
        "stdDev": 2.4510569557176773
    },
    "XLP": {
        "prevClose": 83.94,
        "stdDev": 0.805071835967975
    },
    "XLE": {
        "prevClose": 54.09,
        "stdDev": 0.9789648164028985
    },
    "XLU": {
        "prevClose": 45.85,
        "stdDev": 0.5559134442071624
    },
    "GLD": {
        "prevClose": 369.46,
        "stdDev": 4.24038279143742
    },
    "SLV": {
        "prevClose": 52.36,
        "stdDev": 1.1136539951201176
    },
    "USO": {
        "prevClose": 109.31,
        "stdDev": 2.573734391128171
    },
    "UNG": {
        "prevClose": 11.75,
        "stdDev": 0.3654863591543569
    },
    "CPER": {
        "prevClose": 36.98,
        "stdDev": 0.7248365268649076
    },
    "TLT": {
        "prevClose": 87.35,
        "stdDev": 0.7866584189194428
    },
    "HYG": {
        "prevClose": 79.88,
        "stdDev": 0.547215069830293
    },
    "FXE": {
        "prevClose": 104.94,
        "stdDev": 0.5871641342910695
    },
    "FXY": {
        "prevClose": 56.69,
        "stdDev": 0.3608436171824176
    }
}