{
    "VIXY": {
        "prevClose": 28.91,
        "stdDev": 1.2426957634436744
    },
    "SPY": {
        "prevClose": 704.08,
        "stdDev": 8.253336323770975
    },
    "QQQ": {
        "prevClose": 644.33,
        "stdDev": 10.91710021809296
    },
    "DIA": {
        "prevClose": 491.36,
        "stdDev": 5.74577227213772
    },
    "IWM": {
        "prevClose": 274.51,
        "stdDev": 4.1470037077887
    },
    "DAX": {
        "prevClose": 44.75,
        "stdDev": 0.6063533531864874
    },
    "VT": {
        "prevClose": 148.76,
        "stdDev": 1.9345297809816548
    },
    "EEM": {
        "prevClose": 62.25,
        "stdDev": 1.064594619811122
    },
    "AAPL": {
        "prevClose": 266.17,
        "stdDev": 7.448936691563245
    },
    "NVDA": {
        "prevClose": 199.88,
        "stdDev": 7.448850167425349
    },
    "PG": {
        "prevClose": 142.32,
        "stdDev": 1.9233302728812045
    },
    "WMT": {
        "prevClose": 129.6,
        "stdDev": 2.3861180942426876
    },
    "AEM": {
        "prevClose": 203.09,
        "stdDev": 6.237836149957769
    },
    "AMAT": {
        "prevClose": 394.33,
        "stdDev": 11.95404876803454
    },
    "XLK": {
        "prevClose": 154.69,
        "stdDev": 2.5202801117345537
    },
    "XLV": {
        "prevClose": 145.92,
        "stdDev": 1.6413575935867109
    },
    "XLF": {
        "prevClose": 52.3,
        "stdDev": 0.9343950490300864
    },
    "XLY": {
        "prevClose": 118.97,
        "stdDev": 1.703495521733124
    },
    "XLI": {
        "prevClose": 171.44,
        "stdDev": 2.2825864326563177
    },
    "XLP": {
        "prevClose": 81.84,
        "stdDev": 0.7849260637889333
    },
    "XLE": {
        "prevClose": 55.87,
        "stdDev": 1.0118967001820252
    },
    "XLU": {
        "prevClose": 44.95,
        "stdDev": 0.5452274108292217
    },
    "GLD": {
        "prevClose": 429.57,
        "stdDev": 4.910504956451066
    },
    "SLV": {
        "prevClose": 68.49,
        "stdDev": 1.4452938828129318
    },
    "USO": {
        "prevClose": 128.25,
        "stdDev": 3.0084262757679916
    },
    "UNG": {
        "prevClose": 10.95,
        "stdDev": 0.34112688537623115
    },
    "CPER": {
        "prevClose": 36.56,
        "stdDev": 0.5736561242670614
    },
    "TLT": {
        "prevClose": 86.57,
        "stdDev": 0.781387843935104
    },
    "HYG": {
        "prevClose": 80.37,
        "stdDev": 0.5527600070755608
    },
    "FXE": {
        "prevClose": 108.22,
        "stdDev": 0.607255422119762
    },
    "FXY": {
        "prevClose": 57.5,
        "stdDev": 0.36695395418659715
    }
}