{
    "VIXY": {
        "prevClose": 23.29,
        "stdDev": 0.9980446428681478
    },
    "SPY": {
        "prevClose": 741.75,
        "stdDev": 8.684977504535318
    },
    "QQQ": {
        "prevClose": 721.34,
        "stdDev": 12.21274093431155
    },
    "DIA": {
        "prevClose": 513.06,
        "stdDev": 5.991785278804132
    },
    "IWM": {
        "prevClose": 292.95,
        "stdDev": 4.422825845616676
    },
    "DAX": {
        "prevClose": 44.9574,
        "stdDev": 0.6084123097394799
    },
    "VT": {
        "prevClose": 156.29,
        "stdDev": 2.029207494094074
    },
    "EEM": {
        "prevClose": 67.88,
        "stdDev": 1.1626607669513713
    },
    "AAPL": {
        "prevClose": 291.13,
        "stdDev": 8.138965264885961
    },
    "NVDA": {
        "prevClose": 205.19,
        "stdDev": 7.6386860833652666
    },
    "PG": {
        "prevClose": 149.61,
        "stdDev": 2.022283582546689
    },
    "WMT": {
        "prevClose": 121.04,
        "stdDev": 2.2271604866252916
    },
    "AEM": {
        "prevClose": 162.64,
        "stdDev": 4.995464197498802
    },
    "AMAT": {
        "prevClose": 567.25,
        "stdDev": 17.122692535537904
    },
    "XLK": {
        "prevClose": 184.8,
        "stdDev": 3.0159447291487695
    },
    "XLV": {
        "prevClose": 153.81,
        "stdDev": 1.7291389436779343
    },
    "XLF": {
        "prevClose": 53.34,
        "stdDev": 0.9509261050970375
    },
    "XLY": {
        "prevClose": 116.6,
        "stdDev": 1.667784881772527
    },
    "XLI": {
        "prevClose": 176.18,
        "stdDev": 2.3454533605201067
    },
    "XLP": {
        "prevClose": 85.82,
        "stdDev": 0.8228990262274731
    },
    "XLE": {
        "prevClose": 57.56,
        "stdDev": 1.0418387629027603
    },
    "XLU": {
        "prevClose": 44.53,
        "stdDev": 0.5400798027645131
    },
    "GLD": {
        "prevClose": 386.54,
        "stdDev": 4.4313576089525615
    },
    "SLV": {
        "prevClose": 61.29,
        "stdDev": 1.301094393498041
    },
    "USO": {
        "prevClose": 125.43,
        "stdDev": 2.951940842961978
    },
    "UNG": {
        "prevClose": 11.35,
        "stdDev": 0.35324710175136154
    },
    "CPER": {
        "prevClose": 39.55,
        "stdDev": 0.7751691681234967
    },
    "TLT": {
        "prevClose": 85.77,
        "stdDev": 0.7727086768678282
    },
    "HYG": {
        "prevClose": 79.94,
        "stdDev": 0.5480435513104507
    },
    "FXE": {
        "prevClose": 106.83,
        "stdDev": 0.5979317900459068
    },
    "FXY": {
        "prevClose": 57.26,
        "stdDev": 0.3647488743413042
    }
}