{
    "VIXY": {
        "prevClose": 21.85,
        "stdDev": 0.9362316259501395
    },
    "SPY": {
        "prevClose": 744.39,
        "stdDev": 8.71561412609862
    },
    "QQQ": {
        "prevClose": 737.95,
        "stdDev": 12.49583688095936
    },
    "DIA": {
        "prevClose": 517.08,
        "stdDev": 6.037372071322876
    },
    "IWM": {
        "prevClose": 298.18,
        "stdDev": 4.501035051077937
    },
    "DAX": {
        "prevClose": 45.275,
        "stdDev": 0.6124350619593585
    },
    "VT": {
        "prevClose": 157.56,
        "stdDev": 2.0452207597393524
    },
    "EEM": {
        "prevClose": 71.21,
        "stdDev": 1.2200027882309776
    },
    "AAPL": {
        "prevClose": 297.01,
        "stdDev": 8.301803347117577
    },
    "NVDA": {
        "prevClose": 208.65,
        "stdDev": 7.765842928465902
    },
    "PG": {
        "prevClose": 147.68,
        "stdDev": 1.9961286117460788
    },
    "WMT": {
        "prevClose": 117.18,
        "stdDev": 2.1559040720668454
    },
    "AEM": {
        "prevClose": 166.85,
        "stdDev": 5.124866400436636
    },
    "AMAT": {
        "prevClose": 640.18,
        "stdDev": 19.325911039159852
    },
    "XLK": {
        "prevClose": 192.15,
        "stdDev": 3.137398668972742
    },
    "XLV": {
        "prevClose": 150.06,
        "stdDev": 1.6867819207504917
    },
    "XLF": {
        "prevClose": 53.7,
        "stdDev": 0.9570802752578629
    },
    "XLY": {
        "prevClose": 114.94,
        "stdDev": 1.6442769901183445
    },
    "XLI": {
        "prevClose": 181.8,
        "stdDev": 2.419723271200389
    },
    "XLP": {
        "prevClose": 82.18,
        "stdDev": 0.7880846669564839
    },
    "XLE": {
        "prevClose": 54.06,
        "stdDev": 0.9785435992479065
    },
    "XLU": {
        "prevClose": 44.72,
        "stdDev": 0.5422717669564094
    },
    "GLD": {
        "prevClose": 384.59,
        "stdDev": 4.410837634103262
    },
    "SLV": {
        "prevClose": 58.91,
        "stdDev": 1.250965639422842
    },
    "USO": {
        "prevClose": 112.69,
        "stdDev": 2.6526791672594197
    },
    "UNG": {
        "prevClose": 11.77,
        "stdDev": 0.36618566836918814
    },
    "CPER": {
        "prevClose": 38.81,
        "stdDev": 0.7603068373632735
    },
    "TLT": {
        "prevClose": 86.09,
        "stdDev": 0.7753594613357877
    },
    "HYG": {
        "prevClose": 79.94,
        "stdDev": 0.547794589147701
    },
    "FXE": {
        "prevClose": 105.43,
        "stdDev": 0.590034872867928
    },
    "FXY": {
        "prevClose": 56.79,
        "stdDev": 0.36158885955836834
    }
}