{
    "VIXY": {
        "prevClose": 24.41,
        "stdDev": 1.0460303756623277
    },
    "SPY": {
        "prevClose": 737.76,
        "stdDev": 8.638680595289257
    },
    "QQQ": {
        "prevClose": 717.12,
        "stdDev": 12.14208722717778
    },
    "DIA": {
        "prevClose": 509.36,
        "stdDev": 5.94884614128303
    },
    "IWM": {
        "prevClose": 290.41,
        "stdDev": 4.384709908464594
    },
    "DAX": {
        "prevClose": 44.84,
        "stdDev": 0.6069254639982216
    },
    "VT": {
        "prevClose": 155.61,
        "stdDev": 2.020580846232841
    },
    "EEM": {
        "prevClose": 67.5,
        "stdDev": 1.156242019444808
    },
    "AAPL": {
        "prevClose": 295.63,
        "stdDev": 8.265011201533673
    },
    "NVDA": {
        "prevClose": 204.87,
        "stdDev": 7.627326970827183
    },
    "PG": {
        "prevClose": 148.34,
        "stdDev": 2.0051563402007515
    },
    "WMT": {
        "prevClose": 120.5,
        "stdDev": 2.2173026766812507
    },
    "AEM": {
        "prevClose": 157.76,
        "stdDev": 4.845582278992916
    },
    "AMAT": {
        "prevClose": 552.64,
        "stdDev": 16.681895340257643
    },
    "XLK": {
        "prevClose": 183.21,
        "stdDev": 2.9901570515175226
    },
    "XLV": {
        "prevClose": 154.09,
        "stdDev": 1.73240756982271
    },
    "XLF": {
        "prevClose": 52.62,
        "stdDev": 0.9381199503831972
    },
    "XLY": {
        "prevClose": 116.3,
        "stdDev": 1.6636113778049406
    },
    "XLI": {
        "prevClose": 175.15,
        "stdDev": 2.3318811460200966
    },
    "XLP": {
        "prevClose": 85.27,
        "stdDev": 0.8176599640788512
    },
    "XLE": {
        "prevClose": 57.12,
        "stdDev": 1.0339372687698383
    },
    "XLU": {
        "prevClose": 44.05,
        "stdDev": 0.5342676008657664
    },
    "GLD": {
        "prevClose": 386.32,
        "stdDev": 4.42924379759715
    },
    "SLV": {
        "prevClose": 60.82,
        "stdDev": 1.291229056053575
    },
    "USO": {
        "prevClose": 128.83,
        "stdDev": 3.0318794826523883
    },
    "UNG": {
        "prevClose": 11.16,
        "stdDev": 0.347357435636328
    },
    "CPER": {
        "prevClose": 38.94,
        "stdDev": 0.7632530299683361
    },
    "TLT": {
        "prevClose": 85.98,
        "stdDev": 0.7746597424609436
    },
    "HYG": {
        "prevClose": 79.94,
        "stdDev": 0.5481003424836225
    },
    "FXE": {
        "prevClose": 106.88,
        "stdDev": 0.5982692793359272
    },
    "FXY": {
        "prevClose": 57.43,
        "stdDev": 0.36586166912786805
    }
}