{
    "VIXY": {
        "prevClose": 33.86,
        "stdDev": 1.455904229021004
    },
    "SPY": {
        "prevClose": 659.22,
        "stdDev": 7.728350646720065
    },
    "QQQ": {
        "prevClose": 588.59,
        "stdDev": 9.975724657415917
    },
    "DIA": {
        "prevClose": 465.88,
        "stdDev": 5.448104857338205
    },
    "IWM": {
        "prevClose": 252.91,
        "stdDev": 3.821247445638678
    },
    "DAX": {
        "prevClose": 42.61,
        "stdDev": 0.5768352915850182
    },
    "VT": {
        "prevClose": 140.13,
        "stdDev": 1.822517683288172
    },
    "EEM": {
        "prevClose": 57.31,
        "stdDev": 0.9798363544392227
    },
    "AAPL": {
        "prevClose": 253.5,
        "stdDev": 7.096343185694695
    },
    "NVDA": {
        "prevClose": 178.1,
        "stdDev": 6.641015801959635
    },
    "PG": {
        "prevClose": 141.3,
        "stdDev": 1.9093971747142702
    },
    "WMT": {
        "prevClose": 122.49,
        "stdDev": 2.255333860759518
    },
    "AEM": {
        "prevClose": 209.62,
        "stdDev": 6.439111931147868
    },
    "AMAT": {
        "prevClose": 354.31,
        "stdDev": 10.74106609326896
    },
    "XLK": {
        "prevClose": 137.43,
        "stdDev": 2.239372899831168
    },
    "XLV": {
        "prevClose": 146.57,
        "stdDev": 1.648720971438174
    },
    "XLF": {
        "prevClose": 49.88,
        "stdDev": 0.8915497055303385
    },
    "XLY": {
        "prevClose": 107.77,
        "stdDev": 1.5429173219693306
    },
    "XLI": {
        "prevClose": 164.28,
        "stdDev": 2.1868353587947507
    },
    "XLP": {
        "prevClose": 81.26,
        "stdDev": 0.7793595284201768
    },
    "XLE": {
        "prevClose": 60.16,
        "stdDev": 1.089621555477772
    },
    "XLU": {
        "prevClose": 46.27,
        "stdDev": 0.5613910984876447
    },
    "GLD": {
        "prevClose": 431.81,
        "stdDev": 4.9343830022985165
    },
    "SLV": {
        "prevClose": 65.94,
        "stdDev": 1.390350606597433
    },
    "USO": {
        "prevClose": 138.08,
        "stdDev": 3.2271125944583896
    },
    "UNG": {
        "prevClose": 11.55,
        "stdDev": 0.3600906608215939
    },
    "CPER": {
        "prevClose": 34.08,
        "stdDev": 0.5346829312316268
    },
    "TLT": {
        "prevClose": 86.64,
        "stdDev": 0.7824877293277277
    },
    "HYG": {
        "prevClose": 79.72,
        "stdDev": 0.5487474170759818
    },
    "FXE": {
        "prevClose": 107.01,
        "stdDev": 0.6008640219670757
    },
    "FXY": {
        "prevClose": 57.55,
        "stdDev": 0.36755621144346473
    }
}