{
    "VIXY": {
        "prevClose": 23.52,
        "stdDev": 1.0077703552184263
    },
    "SPY": {
        "prevClose": 754.24,
        "stdDev": 8.829943447857922
    },
    "QQQ": {
        "prevClose": 744.21,
        "stdDev": 12.592295597589914
    },
    "DIA": {
        "prevClose": 508.26,
        "stdDev": 5.935095100433347
    },
    "IWM": {
        "prevClose": 287.67,
        "stdDev": 4.341585904348461
    },
    "DAX": {
        "prevClose": 45.32,
        "stdDev": 0.6132239427952221
    },
    "VT": {
        "prevClose": 157.95,
        "stdDev": 2.049848192550428
    },
    "EEM": {
        "prevClose": 69.92,
        "stdDev": 1.1957850479804453
    },
    "AAPL": {
        "prevClose": 310.26,
        "stdDev": 8.67524015974397
    },
    "NVDA": {
        "prevClose": 214.75,
        "stdDev": 7.986479733213606
    },
    "PG": {
        "prevClose": 140.19,
        "stdDev": 1.8946049297949341
    },
    "WMT": {
        "prevClose": 116.89,
        "stdDev": 2.1512490683668664
    },
    "AEM": {
        "prevClose": 171.65,
        "stdDev": 5.271197058258846
    },
    "AMAT": {
        "prevClose": 500.77,
        "stdDev": 15.099650227900892
    },
    "XLK": {
        "prevClose": 196.23,
        "stdDev": 3.197306040202965
    },
    "XLV": {
        "prevClose": 147.55,
        "stdDev": 1.658386378838034
    },
    "XLF": {
        "prevClose": 50.87,
        "stdDev": 0.9071393634481967
    },
    "XLY": {
        "prevClose": 116.73,
        "stdDev": 1.6695900517510942
    },
    "XLI": {
        "prevClose": 174.05,
        "stdDev": 2.315775533570045
    },
    "XLP": {
        "prevClose": 82.16,
        "stdDev": 0.7877356018610484
    },
    "XLE": {
        "prevClose": 58.71,
        "stdDev": 1.0628599633759193
    },
    "XLU": {
        "prevClose": 43.71,
        "stdDev": 0.5302232016856644
    },
    "GLD": {
        "prevClose": 407.87,
        "stdDev": 4.664039335226434
    },
    "SLV": {
        "prevClose": 66.21,
        "stdDev": 1.402641821205549
    },
    "USO": {
        "prevClose": 140.86,
        "stdDev": 3.31404946064681
    },
    "UNG": {
        "prevClose": 11.71,
        "stdDev": 0.36452867777093895
    },
    "CPER": {
        "prevClose": 39.42,
        "stdDev": 0.7723158232298551
    },
    "TLT": {
        "prevClose": 85.31,
        "stdDev": 0.7687985250635017
    },
    "HYG": {
        "prevClose": 79.68,
        "stdDev": 0.5465280071123856
    },
    "FXE": {
        "prevClose": 106.95,
        "stdDev": 0.5987463691071262
    },
    "FXY": {
        "prevClose": 57.335,
        "stdDev": 0.3654605618868923
    }
}