{
    "VIXY": {
        "prevClose": 26.68,
        "stdDev": 1.1447297784176067
    },
    "SPY": {
        "prevClose": 748.17,
        "stdDev": 8.763960862373521
    },
    "QQQ": {
        "prevClose": 719.79,
        "stdDev": 12.187527047138529
    },
    "DIA": {
        "prevClose": 500.8,
        "stdDev": 5.851519730980996
    },
    "IWM": {
        "prevClose": 284.45,
        "stdDev": 4.2940239676057015
    },
    "DAX": {
        "prevClose": 44.82,
        "stdDev": 0.606782521750653
    },
    "VT": {
        "prevClose": 156.02,
        "stdDev": 2.0267080794328036
    },
    "EEM": {
        "prevClose": 67.38,
        "stdDev": 1.1523218997169966
    },
    "AAPL": {
        "prevClose": 298.21,
        "stdDev": 8.34213673584832
    },
    "NVDA": {
        "prevClose": 235.74,
        "stdDev": 8.780258076036692
    },
    "PG": {
        "prevClose": 142.71,
        "stdDev": 1.928665625124963
    },
    "WMT": {
        "prevClose": 132.46,
        "stdDev": 2.43652008839613
    },
    "AEM": {
        "prevClose": 192.66,
        "stdDev": 5.91636813076968
    },
    "AMAT": {
        "prevClose": 440.56,
        "stdDev": 13.357095717784553
    },
    "XLK": {
        "prevClose": 179.5,
        "stdDev": 2.924843770503804
    },
    "XLV": {
        "prevClose": 146.63,
        "stdDev": 1.648578763208638
    },
    "XLF": {
        "prevClose": 51.29,
        "stdDev": 0.9153406977094608
    },
    "XLY": {
        "prevClose": 118.67,
        "stdDev": 1.697639154432067
    },
    "XLI": {
        "prevClose": 174.51,
        "stdDev": 2.323101395260637
    },
    "XLP": {
        "prevClose": 84.98,
        "stdDev": 0.8147723176375748
    },
    "XLE": {
        "prevClose": 58.07,
        "stdDev": 1.0514370574466658
    },
    "XLU": {
        "prevClose": 44.9,
        "stdDev": 0.5445622302530967
    },
    "GLD": {
        "prevClose": 427.21,
        "stdDev": 4.884706156744292
    },
    "SLV": {
        "prevClose": 75.51,
        "stdDev": 1.5968567144696797
    },
    "USO": {
        "prevClose": 143.0,
        "stdDev": 3.3616532439588513
    },
    "UNG": {
        "prevClose": 11.16,
        "stdDev": 0.34749354964912127
    },
    "CPER": {
        "prevClose": 40.02,
        "stdDev": 0.7838375181570417
    },
    "TLT": {
        "prevClose": 84.92,
        "stdDev": 0.7657215852906611
    },
    "HYG": {
        "prevClose": 79.85,
        "stdDev": 0.5483221091107782
    },
    "FXE": {
        "prevClose": 107.7,
        "stdDev": 0.6035677351275007
    },
    "FXY": {
        "prevClose": 58.0,
        "stdDev": 0.37017047263339986
    }
}