{
    "VIXY": {
        "prevClose": 22.62,
        "stdDev": 0.9689407432010678
    },
    "SPY": {
        "prevClose": 728.99,
        "stdDev": 8.534335630815066
    },
    "QQQ": {
        "prevClose": 706.52,
        "stdDev": 11.964496232568166
    },
    "DIA": {
        "prevClose": 517.75,
        "stdDev": 6.043579525906218
    },
    "IWM": {
        "prevClose": 299.83,
        "stdDev": 4.524827868815421
    },
    "DAX": {
        "prevClose": 44.2634,
        "stdDev": 0.5986435430690652
    },
    "VT": {
        "prevClose": 153.95,
        "stdDev": 1.9981248614501639
    },
    "EEM": {
        "prevClose": 67.19,
        "stdDev": 1.1519781301450658
    },
    "AAPL": {
        "prevClose": 283.78,
        "stdDev": 7.9328844285033115
    },
    "NVDA": {
        "prevClose": 192.53,
        "stdDev": 7.164745333717369
    },
    "PG": {
        "prevClose": 149.02,
        "stdDev": 2.0143579234733457
    },
    "WMT": {
        "prevClose": 115.69,
        "stdDev": 2.128441894073547
    },
    "AEM": {
        "prevClose": 157.23,
        "stdDev": 4.82940668841667
    },
    "AMAT": {
        "prevClose": 626.84,
        "stdDev": 18.944707320650444
    },
    "XLK": {
        "prevClose": 181.11,
        "stdDev": 2.958134113120155
    },
    "XLV": {
        "prevClose": 160.34,
        "stdDev": 1.8031717719406635
    },
    "XLF": {
        "prevClose": 53.57,
        "stdDev": 0.9545048371943295
    },
    "XLY": {
        "prevClose": 114.37,
        "stdDev": 1.6359672626920783
    },
    "XLI": {
        "prevClose": 181.2,
        "stdDev": 2.412273915308216
    },
    "XLP": {
        "prevClose": 84.71,
        "stdDev": 0.8124484453940771
    },
    "XLE": {
        "prevClose": 53.84,
        "stdDev": 0.9743749551060898
    },
    "XLU": {
        "prevClose": 46.2,
        "stdDev": 0.5601312574699762
    },
    "GLD": {
        "prevClose": 373.63,
        "stdDev": 4.288199791721718
    },
    "SLV": {
        "prevClose": 53.28,
        "stdDev": 1.133182569272803
    },
    "USO": {
        "prevClose": 105.48,
        "stdDev": 2.4838622450974444
    },
    "UNG": {
        "prevClose": 11.87,
        "stdDev": 0.36918593786170906
    },
    "CPER": {
        "prevClose": 37.33,
        "stdDev": 0.7316196373739442
    },
    "TLT": {
        "prevClose": 87.36,
        "stdDev": 0.7866830871971248
    },
    "HYG": {
        "prevClose": 79.83,
        "stdDev": 0.5468167517058848
    },
    "FXE": {
        "prevClose": 105.09,
        "stdDev": 0.5879501606260366
    },
    "FXY": {
        "prevClose": 56.71,
        "stdDev": 0.36093403563396315
    }
}