{
    "VIXY": {
        "prevClose": 21.7,
        "stdDev": 0.9295109977878074
    },
    "SPY": {
        "prevClose": 741.0,
        "stdDev": 8.675377309737836
    },
    "QQQ": {
        "prevClose": 724.08,
        "stdDev": 12.26278610345497
    },
    "DIA": {
        "prevClose": 521.68,
        "stdDev": 6.089190442308716
    },
    "IWM": {
        "prevClose": 298.97,
        "stdDev": 4.511520902254293
    },
    "DAX": {
        "prevClose": 43.81,
        "stdDev": 0.5924528340610398
    },
    "VT": {
        "prevClose": 155.83,
        "stdDev": 2.0224867982956125
    },
    "EEM": {
        "prevClose": 67.43,
        "stdDev": 1.1559973389891407
    },
    "AAPL": {
        "prevClose": 281.74,
        "stdDev": 7.87554184915337
    },
    "NVDA": {
        "prevClose": 194.97,
        "stdDev": 7.2550696863703
    },
    "PG": {
        "prevClose": 148.45,
        "stdDev": 2.006597209186243
    },
    "WMT": {
        "prevClose": 114.6,
        "stdDev": 2.1083342178183972
    },
    "AEM": {
        "prevClose": 153.76,
        "stdDev": 4.722743439742961
    },
    "AMAT": {
        "prevClose": 694.64,
        "stdDev": 21.003129323810313
    },
    "XLK": {
        "prevClose": 185.41,
        "stdDev": 3.0285853158249907
    },
    "XLV": {
        "prevClose": 160.74,
        "stdDev": 1.8075443274239875
    },
    "XLF": {
        "prevClose": 53.72,
        "stdDev": 0.9571097772620732
    },
    "XLY": {
        "prevClose": 117.12,
        "stdDev": 1.6755065627468704
    },
    "XLI": {
        "prevClose": 182.76,
        "stdDev": 2.432932762204902
    },
    "XLP": {
        "prevClose": 84.37,
        "stdDev": 0.8091407026917175
    },
    "XLE": {
        "prevClose": 53.58,
        "stdDev": 0.9696051986551338
    },
    "XLU": {
        "prevClose": 46.02,
        "stdDev": 0.5579134525021171
    },
    "GLD": {
        "prevClose": 368.58,
        "stdDev": 4.230430172950938
    },
    "SLV": {
        "prevClose": 52.68,
        "stdDev": 1.1203438354969744
    },
    "USO": {
        "prevClose": 107.08,
        "stdDev": 2.521397076554368
    },
    "UNG": {
        "prevClose": 11.43,
        "stdDev": 0.3555146492709534
    },
    "CPER": {
        "prevClose": 37.23,
        "stdDev": 0.7295624182682153
    },
    "TLT": {
        "prevClose": 87.45,
        "stdDev": 0.7874287321953235
    },
    "HYG": {
        "prevClose": 80.01,
        "stdDev": 0.5479981238635587
    },
    "FXE": {
        "prevClose": 105.45,
        "stdDev": 0.5899284369629497
    },
    "FXY": {
        "prevClose": 56.66,
        "stdDev": 0.36057938835546716
    }
}