{
    "VIXY": {
        "prevClose": 23.46,
        "stdDev": 1.0053273722375766
    },
    "SPY": {
        "prevClose": 759.57,
        "stdDev": 8.892657348604729
    },
    "QQQ": {
        "prevClose": 746.16,
        "stdDev": 12.626182461494356
    },
    "DIA": {
        "prevClose": 514.05,
        "stdDev": 6.0027068872752345
    },
    "IWM": {
        "prevClose": 291.66,
        "stdDev": 4.4018464065180325
    },
    "DAX": {
        "prevClose": 46.025,
        "stdDev": 0.6227253275285993
    },
    "VT": {
        "prevClose": 159.35,
        "stdDev": 2.068132077706816
    },
    "EEM": {
        "prevClose": 70.8,
        "stdDev": 1.2108798107370629
    },
    "AAPL": {
        "prevClose": 315.2,
        "stdDev": 8.813619137967759
    },
    "NVDA": {
        "prevClose": 222.82,
        "stdDev": 8.295036219378689
    },
    "PG": {
        "prevClose": 140.82,
        "stdDev": 1.903170195704045
    },
    "WMT": {
        "prevClose": 113.06,
        "stdDev": 2.080596912262518
    },
    "AEM": {
        "prevClose": 178.94,
        "stdDev": 5.494889023447442
    },
    "AMAT": {
        "prevClose": 490.05,
        "stdDev": 14.776741817186943
    },
    "XLK": {
        "prevClose": 198.21,
        "stdDev": 3.2297053293687275
    },
    "XLV": {
        "prevClose": 146.4,
        "stdDev": 1.6455269700296844
    },
    "XLF": {
        "prevClose": 51.46,
        "stdDev": 0.917698155359143
    },
    "XLY": {
        "prevClose": 117.59,
        "stdDev": 1.681977132393239
    },
    "XLI": {
        "prevClose": 174.19,
        "stdDev": 2.317804939343225
    },
    "XLP": {
        "prevClose": 81.83,
        "stdDev": 0.7846196889477404
    },
    "XLE": {
        "prevClose": 57.96,
        "stdDev": 1.0493219489038268
    },
    "XLU": {
        "prevClose": 43.9,
        "stdDev": 0.5325609553578885
    },
    "GLD": {
        "prevClose": 411.95,
        "stdDev": 4.710772268116814
    },
    "SLV": {
        "prevClose": 67.99,
        "stdDev": 1.4402643794499694
    },
    "USO": {
        "prevClose": 137.27,
        "stdDev": 3.2295135051928163
    },
    "UNG": {
        "prevClose": 11.47,
        "stdDev": 0.35707608992569917
    },
    "CPER": {
        "prevClose": 40.6,
        "stdDev": 0.795294384821934
    },
    "TLT": {
        "prevClose": 85.65,
        "stdDev": 0.7719134278896134
    },
    "HYG": {
        "prevClose": 79.9,
        "stdDev": 0.5480833743477077
    },
    "FXE": {
        "prevClose": 107.26,
        "stdDev": 0.6005796489890507
    },
    "FXY": {
        "prevClose": 57.43,
        "stdDev": 0.3661014921135885
    }
}