{
    "VIXY": {
        "prevClose": 28.54,
        "stdDev": 1.226640905305544
    },
    "SPY": {
        "prevClose": 711.21,
        "stdDev": 8.336756178938108
    },
    "QQQ": {
        "prevClose": 655.11,
        "stdDev": 11.099679045583198
    },
    "DIA": {
        "prevClose": 494.76,
        "stdDev": 5.785251298571106
    },
    "IWM": {
        "prevClose": 276.48,
        "stdDev": 4.176509082435427
    },
    "DAX": {
        "prevClose": 44.9025,
        "stdDev": 0.6083185115452107
    },
    "VT": {
        "prevClose": 150.1,
        "stdDev": 1.951833904041367
    },
    "EEM": {
        "prevClose": 63.38,
        "stdDev": 1.0839254844099198
    },
    "AAPL": {
        "prevClose": 273.17,
        "stdDev": 7.644774306913077
    },
    "NVDA": {
        "prevClose": 202.5,
        "stdDev": 7.545992922616661
    },
    "PG": {
        "prevClose": 142.85,
        "stdDev": 1.9304367441609251
    },
    "WMT": {
        "prevClose": 129.98,
        "stdDev": 2.3930272513640443
    },
    "AEM": {
        "prevClose": 204.07,
        "stdDev": 6.267707658778811
    },
    "AMAT": {
        "prevClose": 403.48,
        "stdDev": 12.231157060518616
    },
    "XLK": {
        "prevClose": 158.09,
        "stdDev": 2.575809376710536
    },
    "XLV": {
        "prevClose": 146.38,
        "stdDev": 1.646419621266772
    },
    "XLF": {
        "prevClose": 52.21,
        "stdDev": 0.9327200382917784
    },
    "XLY": {
        "prevClose": 118.93,
        "stdDev": 1.7027991674432215
    },
    "XLI": {
        "prevClose": 171.04,
        "stdDev": 2.2771018308994977
    },
    "XLP": {
        "prevClose": 82.11,
        "stdDev": 0.7874640716277513
    },
    "XLE": {
        "prevClose": 56.54,
        "stdDev": 1.0239874944016227
    },
    "XLU": {
        "prevClose": 44.87,
        "stdDev": 0.5442186031792287
    },
    "GLD": {
        "prevClose": 435.26,
        "stdDev": 4.975660007679919
    },
    "SLV": {
        "prevClose": 70.37,
        "stdDev": 1.485055947952791
    },
    "USO": {
        "prevClose": 129.4,
        "stdDev": 3.0351476242418705
    },
    "UNG": {
        "prevClose": 10.95,
        "stdDev": 0.34109128124033716
    },
    "CPER": {
        "prevClose": 37.6,
        "stdDev": 0.5901685366774226
    },
    "TLT": {
        "prevClose": 86.74,
        "stdDev": 0.7828593728567954
    },
    "HYG": {
        "prevClose": 80.5,
        "stdDev": 0.5535987493006145
    },
    "FXE": {
        "prevClose": 108.0,
        "stdDev": 0.6059695863258253
    },
    "FXY": {
        "prevClose": 57.55,
        "stdDev": 0.3672358244399458
    }
}