{
    "VIXY": {
        "prevClose": 37.88,
        "stdDev": 1.6285112298098863
    },
    "SPY": {
        "prevClose": 631.97,
        "stdDev": 7.408301454211005
    },
    "QQQ": {
        "prevClose": 558.28,
        "stdDev": 9.462449016602564
    },
    "DIA": {
        "prevClose": 452.06,
        "stdDev": 5.286679852829767
    },
    "IWM": {
        "prevClose": 239.61,
        "stdDev": 3.6201499263195696
    },
    "DAX": {
        "prevClose": 40.71,
        "stdDev": 0.5507796348786848
    },
    "VT": {
        "prevClose": 134.19,
        "stdDev": 1.7450612624635509
    },
    "EEM": {
        "prevClose": 54.75,
        "stdDev": 0.9360325744217248
    },
    "AAPL": {
        "prevClose": 246.63,
        "stdDev": 6.904997908019517
    },
    "NVDA": {
        "prevClose": 165.17,
        "stdDev": 6.160182244211662
    },
    "PG": {
        "prevClose": 144.72,
        "stdDev": 1.9558522403217113
    },
    "WMT": {
        "prevClose": 123.5,
        "stdDev": 2.274006047447948
    },
    "AEM": {
        "prevClose": 191.86,
        "stdDev": 5.893638474081723
    },
    "AMAT": {
        "prevClose": 323.12,
        "stdDev": 9.79552214655394
    },
    "XLK": {
        "prevClose": 127.5,
        "stdDev": 2.07717560247061
    },
    "XLV": {
        "prevClose": 143.82,
        "stdDev": 1.6179371708487704
    },
    "XLF": {
        "prevClose": 48.36,
        "stdDev": 0.8646040092807747
    },
    "XLY": {
        "prevClose": 105.66,
        "stdDev": 1.5124889161385016
    },
    "XLI": {
        "prevClose": 156.61,
        "stdDev": 2.084360655817178
    },
    "XLP": {
        "prevClose": 81.88,
        "stdDev": 0.7853100262345829
    },
    "XLE": {
        "prevClose": 61.96,
        "stdDev": 1.1221982978406537
    },
    "XLU": {
        "prevClose": 45.92,
        "stdDev": 0.5573305571663748
    },
    "GLD": {
        "prevClose": 414.58,
        "stdDev": 4.732474420871176
    },
    "SLV": {
        "prevClose": 63.52,
        "stdDev": 1.3381388930847813
    },
    "USO": {
        "prevClose": 129.83,
        "stdDev": 3.0289865190446794
    },
    "UNG": {
        "prevClose": 11.68,
        "stdDev": 0.36429521434407397
    },
    "CPER": {
        "prevClose": 33.59,
        "stdDev": 0.5271811918217162
    },
    "TLT": {
        "prevClose": 86.78,
        "stdDev": 0.7840485303458686
    },
    "HYG": {
        "prevClose": 78.81,
        "stdDev": 0.5426546536461468
    },
    "FXE": {
        "prevClose": 105.79,
        "stdDev": 0.594097645843368
    },
    "FXY": {
        "prevClose": 57.51,
        "stdDev": 0.36743204491013964
    }
}