{
    "VIXY": {
        "prevClose": 28.77,
        "stdDev": 1.2362168487987815
    },
    "SPY": {
        "prevClose": 713.94,
        "stdDev": 8.368018373175772
    },
    "QQQ": {
        "prevClose": 663.88,
        "stdDev": 11.247715261023515
    },
    "DIA": {
        "prevClose": 492.21,
        "stdDev": 5.754680635737138
    },
    "IWM": {
        "prevClose": 276.65,
        "stdDev": 4.178475799220049
    },
    "DAX": {
        "prevClose": 45.0259,
        "stdDev": 0.6093367909021328
    },
    "VT": {
        "prevClose": 150.34,
        "stdDev": 1.9546509865716588
    },
    "EEM": {
        "prevClose": 63.74,
        "stdDev": 1.0901354864344415
    },
    "AAPL": {
        "prevClose": 271.06,
        "stdDev": 7.585098910731894
    },
    "NVDA": {
        "prevClose": 208.27,
        "stdDev": 7.760660016649801
    },
    "PG": {
        "prevClose": 148.18,
        "stdDev": 2.0026097966556202
    },
    "WMT": {
        "prevClose": 129.92,
        "stdDev": 2.391877760976613
    },
    "AEM": {
        "prevClose": 200.23,
        "stdDev": 6.149478351314694
    },
    "AMAT": {
        "prevClose": 417.04,
        "stdDev": 12.64164853809823
    },
    "XLK": {
        "prevClose": 160.22,
        "stdDev": 2.610823834328263
    },
    "XLV": {
        "prevClose": 144.18,
        "stdDev": 1.6216366139031138
    },
    "XLF": {
        "prevClose": 51.42,
        "stdDev": 0.9184990322144433
    },
    "XLY": {
        "prevClose": 118.69,
        "stdDev": 1.6992166910895699
    },
    "XLI": {
        "prevClose": 172.47,
        "stdDev": 2.2961712708858566
    },
    "XLP": {
        "prevClose": 83.23,
        "stdDev": 0.798263335222427
    },
    "XLE": {
        "prevClose": 56.87,
        "stdDev": 1.0298279778409118
    },
    "XLU": {
        "prevClose": 46.18,
        "stdDev": 0.5602214379581293
    },
    "GLD": {
        "prevClose": 433.25,
        "stdDev": 4.9522044795425
    },
    "SLV": {
        "prevClose": 68.79,
        "stdDev": 1.451706767874694
    },
    "USO": {
        "prevClose": 132.4,
        "stdDev": 3.1059834098612695
    },
    "UNG": {
        "prevClose": 10.31,
        "stdDev": 0.3211523398099043
    },
    "CPER": {
        "prevClose": 36.94,
        "stdDev": 0.7236774462930428
    },
    "TLT": {
        "prevClose": 86.71,
        "stdDev": 0.7824643058576417
    },
    "HYG": {
        "prevClose": 80.48,
        "stdDev": 0.5533513156757426
    },
    "FXE": {
        "prevClose": 108.17,
        "stdDev": 0.6068281827759532
    },
    "FXY": {
        "prevClose": 57.57,
        "stdDev": 0.3672910806011977
    }
}