{
    "VIXY": {
        "prevClose": 23.91,
        "stdDev": 1.0245605721053161
    },
    "SPY": {
        "prevClose": 739.22,
        "stdDev": 8.655264750541145
    },
    "QQQ": {
        "prevClose": 716.07,
        "stdDev": 12.121889708704964
    },
    "DIA": {
        "prevClose": 508.91,
        "stdDev": 5.9428382614865285
    },
    "IWM": {
        "prevClose": 284.11,
        "stdDev": 4.289194911406894
    },
    "DAX": {
        "prevClose": 44.7,
        "stdDev": 0.6049277404337858
    },
    "VT": {
        "prevClose": 154.48,
        "stdDev": 2.005501164935057
    },
    "EEM": {
        "prevClose": 65.75,
        "stdDev": 1.1258484250361496
    },
    "AAPL": {
        "prevClose": 301.54,
        "stdDev": 8.430584316890362
    },
    "NVDA": {
        "prevClose": 208.64,
        "stdDev": 7.768569340239627
    },
    "PG": {
        "prevClose": 145.1,
        "stdDev": 1.9613419169805881
    },
    "WMT": {
        "prevClose": 119.83,
        "stdDev": 2.2051552444551734
    },
    "AEM": {
        "prevClose": 162.11,
        "stdDev": 4.979033993061463
    },
    "AMAT": {
        "prevClose": 492.17,
        "stdDev": 14.850560820809509
    },
    "XLK": {
        "prevClose": 184.18,
        "stdDev": 3.004819959376145
    },
    "XLV": {
        "prevClose": 152.65,
        "stdDev": 1.7162554392780955
    },
    "XLF": {
        "prevClose": 51.97,
        "stdDev": 0.926699698135465
    },
    "XLY": {
        "prevClose": 115.39,
        "stdDev": 1.6503448229711777
    },
    "XLI": {
        "prevClose": 173.63,
        "stdDev": 2.3099548235114096
    },
    "XLP": {
        "prevClose": 83.07,
        "stdDev": 0.7964774347707748
    },
    "XLE": {
        "prevClose": 58.33,
        "stdDev": 1.0558629238595034
    },
    "XLU": {
        "prevClose": 43.52,
        "stdDev": 0.5279267467006271
    },
    "GLD": {
        "prevClose": 397.27,
        "stdDev": 4.546324146209922
    },
    "SLV": {
        "prevClose": 61.58,
        "stdDev": 1.3062580544086844
    },
    "USO": {
        "prevClose": 135.15,
        "stdDev": 3.1798286628277515
    },
    "UNG": {
        "prevClose": 11.37,
        "stdDev": 0.3539565159746489
    },
    "CPER": {
        "prevClose": 38.55,
        "stdDev": 0.75550338309333
    },
    "TLT": {
        "prevClose": 84.62,
        "stdDev": 0.7624373773303242
    },
    "HYG": {
        "prevClose": 79.54,
        "stdDev": 0.5454823902417093
    },
    "FXE": {
        "prevClose": 106.42,
        "stdDev": 0.5957894650837906
    },
    "FXY": {
        "prevClose": 57.28,
        "stdDev": 0.36499758667613486
    }
}