{
    "VIXY": {
        "prevClose": 26.77,
        "stdDev": 1.1488077612820224
    },
    "SPY": {
        "prevClose": 738.18,
        "stdDev": 8.64766208734748
    },
    "QQQ": {
        "prevClose": 707.24,
        "stdDev": 11.976334340995969
    },
    "DIA": {
        "prevClose": 497.89,
        "stdDev": 5.818178761430086
    },
    "IWM": {
        "prevClose": 282.57,
        "stdDev": 4.2662465924923
    },
    "DAX": {
        "prevClose": 44.71,
        "stdDev": 0.6055029963401255
    },
    "VT": {
        "prevClose": 154.35,
        "stdDev": 2.00538830788824
    },
    "EEM": {
        "prevClose": 65.82,
        "stdDev": 1.1256959072528134
    },
    "AAPL": {
        "prevClose": 294.8,
        "stdDev": 8.247384076765526
    },
    "NVDA": {
        "prevClose": 220.78,
        "stdDev": 8.223316216017516
    },
    "PG": {
        "prevClose": 143.91,
        "stdDev": 1.9449526426459511
    },
    "WMT": {
        "prevClose": 130.35,
        "stdDev": 2.397856713486404
    },
    "AEM": {
        "prevClose": 197.05,
        "stdDev": 6.051550756664986
    },
    "AMAT": {
        "prevClose": 431.2,
        "stdDev": 13.074426187515884
    },
    "XLK": {
        "prevClose": 175.2,
        "stdDev": 2.854965736099459
    },
    "XLV": {
        "prevClose": 145.85,
        "stdDev": 1.640017388626685
    },
    "XLF": {
        "prevClose": 51.58,
        "stdDev": 0.9206142779647003
    },
    "XLY": {
        "prevClose": 118.29,
        "stdDev": 1.69244201904177
    },
    "XLI": {
        "prevClose": 174.35,
        "stdDev": 2.3212673125576995
    },
    "XLP": {
        "prevClose": 84.44,
        "stdDev": 0.8097014946457847
    },
    "XLE": {
        "prevClose": 57.57,
        "stdDev": 1.0425229150181001
    },
    "XLU": {
        "prevClose": 45.19,
        "stdDev": 0.5481145752940875
    },
    "GLD": {
        "prevClose": 432.93,
        "stdDev": 4.9506671647473945
    },
    "SLV": {
        "prevClose": 78.55,
        "stdDev": 1.6605203253990126
    },
    "USO": {
        "prevClose": 144.3,
        "stdDev": 3.3927090137803706
    },
    "UNG": {
        "prevClose": 10.91,
        "stdDev": 0.33976654089419817
    },
    "CPER": {
        "prevClose": 40.44,
        "stdDev": 0.7922644701890391
    },
    "TLT": {
        "prevClose": 84.99,
        "stdDev": 0.7664750758527411
    },
    "HYG": {
        "prevClose": 79.87,
        "stdDev": 0.5485724802910075
    },
    "FXE": {
        "prevClose": 108.34,
        "stdDev": 0.6072393083979123
    },
    "FXY": {
        "prevClose": 58.27,
        "stdDev": 0.3719602773255524
    }
}