{
    "VIXY": {
        "prevClose": 28.01,
        "stdDev": 1.2032409337834518
    },
    "SPY": {
        "prevClose": 711.58,
        "stdDev": 8.338970368495456
    },
    "QQQ": {
        "prevClose": 661.57,
        "stdDev": 11.206523408567875
    },
    "DIA": {
        "prevClose": 488.67,
        "stdDev": 5.712199224813522
    },
    "IWM": {
        "prevClose": 272.08,
        "stdDev": 4.108777213595086
    },
    "DAX": {
        "prevClose": 44.065,
        "stdDev": 0.5961174428139743
    },
    "VT": {
        "prevClose": 148.94,
        "stdDev": 1.935867126948869
    },
    "EEM": {
        "prevClose": 62.69,
        "stdDev": 1.0719454315495007
    },
    "AAPL": {
        "prevClose": 270.17,
        "stdDev": 7.55933159359223
    },
    "NVDA": {
        "prevClose": 209.25,
        "stdDev": 7.796345902814979
    },
    "PG": {
        "prevClose": 146.46,
        "stdDev": 1.979336522881664
    },
    "WMT": {
        "prevClose": 128.01,
        "stdDev": 2.356545143963492
    },
    "AEM": {
        "prevClose": 183.56,
        "stdDev": 5.63759207457745
    },
    "AMAT": {
        "prevClose": 382.59,
        "stdDev": 11.598536033545376
    },
    "XLK": {
        "prevClose": 159.11,
        "stdDev": 2.592430073232046
    },
    "XLV": {
        "prevClose": 142.84,
        "stdDev": 1.6062949787493022
    },
    "XLF": {
        "prevClose": 51.92,
        "stdDev": 0.9272397593328298
    },
    "XLY": {
        "prevClose": 116.84,
        "stdDev": 1.672435074585582
    },
    "XLI": {
        "prevClose": 169.93,
        "stdDev": 2.261980761966006
    },
    "XLP": {
        "prevClose": 82.92,
        "stdDev": 0.7952432875039216
    },
    "XLE": {
        "prevClose": 59.03,
        "stdDev": 1.0688891235690916
    },
    "XLU": {
        "prevClose": 45.68,
        "stdDev": 0.5540793831862253
    },
    "GLD": {
        "prevClose": 417.41,
        "stdDev": 4.771711251057004
    },
    "SLV": {
        "prevClose": 64.84,
        "stdDev": 1.3684031127700327
    },
    "USO": {
        "prevClose": 150.63,
        "stdDev": 3.537313373769545
    },
    "UNG": {
        "prevClose": 10.15,
        "stdDev": 0.31609682845691633
    },
    "CPER": {
        "prevClose": 35.97,
        "stdDev": 0.7044888914775518
    },
    "TLT": {
        "prevClose": 85.7,
        "stdDev": 0.7732274304190833
    },
    "HYG": {
        "prevClose": 80.13,
        "stdDev": 0.550790748101754
    },
    "FXE": {
        "prevClose": 107.74,
        "stdDev": 0.6042559763385492
    },
    "FXY": {
        "prevClose": 57.26,
        "stdDev": 0.3652172025490963
    }
}