{
    "VIXY": {
        "prevClose": 33.57,
        "stdDev": 1.4438092081384537
    },
    "SPY": {
        "prevClose": 655.24,
        "stdDev": 7.683008030951183
    },
    "QQQ": {
        "prevClose": 584.31,
        "stdDev": 9.905285916313636
    },
    "DIA": {
        "prevClose": 465.48,
        "stdDev": 5.444528734176141
    },
    "IWM": {
        "prevClose": 249.56,
        "stdDev": 3.771422862222281
    },
    "DAX": {
        "prevClose": 42.77,
        "stdDev": 0.5792293433686059
    },
    "VT": {
        "prevClose": 139.69,
        "stdDev": 1.8173703780989494
    },
    "EEM": {
        "prevClose": 57.23,
        "stdDev": 0.9786583511121932
    },
    "AAPL": {
        "prevClose": 255.63,
        "stdDev": 7.156676575208958
    },
    "NVDA": {
        "prevClose": 175.75,
        "stdDev": 6.554803130286223
    },
    "PG": {
        "prevClose": 144.09,
        "stdDev": 1.9472218833749924
    },
    "WMT": {
        "prevClose": 124.74,
        "stdDev": 2.2966783017677312
    },
    "AEM": {
        "prevClose": 210.08,
        "stdDev": 6.4539434745019175
    },
    "AMAT": {
        "prevClose": 353.8,
        "stdDev": 10.726927910097285
    },
    "XLK": {
        "prevClose": 134.91,
        "stdDev": 2.1987266840969375
    },
    "XLV": {
        "prevClose": 147.73,
        "stdDev": 1.6620741787176339
    },
    "XLF": {
        "prevClose": 49.44,
        "stdDev": 0.8838685386605787
    },
    "XLY": {
        "prevClose": 109.8,
        "stdDev": 1.5720740084438487
    },
    "XLI": {
        "prevClose": 164.43,
        "stdDev": 2.1892681789981876
    },
    "XLP": {
        "prevClose": 81.46,
        "stdDev": 0.7811956004713115
    },
    "XLE": {
        "prevClose": 58.97,
        "stdDev": 1.0682719631200184
    },
    "XLU": {
        "prevClose": 46.11,
        "stdDev": 0.5595607881686978
    },
    "GLD": {
        "prevClose": 437.82,
        "stdDev": 5.002677916077543
    },
    "SLV": {
        "prevClose": 68.14,
        "stdDev": 1.436755575094548
    },
    "USO": {
        "prevClose": 124.09,
        "stdDev": 2.8950279592130865
    },
    "UNG": {
        "prevClose": 11.42,
        "stdDev": 0.3561372800819931
    },
    "CPER": {
        "prevClose": 34.34,
        "stdDev": 0.5389922024629484
    },
    "TLT": {
        "prevClose": 86.26,
        "stdDev": 0.7792416415700614
    },
    "HYG": {
        "prevClose": 79.37,
        "stdDev": 0.5465081665445415
    },
    "FXE": {
        "prevClose": 106.81,
        "stdDev": 0.5998441588595772
    },
    "FXY": {
        "prevClose": 57.8,
        "stdDev": 0.3692492921708135
    }
}