{
    "VIXY": {
        "prevClose": 24.27,
        "stdDev": 1.039875274302271
    },
    "SPY": {
        "prevClose": 737.05,
        "stdDev": 8.629384990765589
    },
    "QQQ": {
        "prevClose": 707.83,
        "stdDev": 11.981963847546895
    },
    "DIA": {
        "prevClose": 509.41,
        "stdDev": 5.948261646952004
    },
    "IWM": {
        "prevClose": 285.02,
        "stdDev": 4.302616263061034
    },
    "DAX": {
        "prevClose": 44.6767,
        "stdDev": 0.604508033032964
    },
    "VT": {
        "prevClose": 154.3,
        "stdDev": 2.002945427171087
    },
    "EEM": {
        "prevClose": 65.82,
        "stdDev": 1.1269504544570403
    },
    "AAPL": {
        "prevClose": 290.55,
        "stdDev": 8.123615459977463
    },
    "NVDA": {
        "prevClose": 208.19,
        "stdDev": 7.751255649605292
    },
    "PG": {
        "prevClose": 148.67,
        "stdDev": 2.009730362541194
    },
    "WMT": {
        "prevClose": 118.88,
        "stdDev": 2.1876100988484652
    },
    "AEM": {
        "prevClose": 159.93,
        "stdDev": 4.911932049129274
    },
    "AMAT": {
        "prevClose": 499.21,
        "stdDev": 15.06246503517881
    },
    "XLK": {
        "prevClose": 180.77,
        "stdDev": 2.9492658570232893
    },
    "XLV": {
        "prevClose": 154.57,
        "stdDev": 1.7378639550880044
    },
    "XLF": {
        "prevClose": 52.46,
        "stdDev": 0.935387242352117
    },
    "XLY": {
        "prevClose": 115.87,
        "stdDev": 1.6570983477379526
    },
    "XLI": {
        "prevClose": 175.6,
        "stdDev": 2.3361082902146135
    },
    "XLP": {
        "prevClose": 84.1,
        "stdDev": 0.8063871530952916
    },
    "XLE": {
        "prevClose": 57.39,
        "stdDev": 1.0388353580718197
    },
    "XLU": {
        "prevClose": 43.98,
        "stdDev": 0.533495647395582
    },
    "GLD": {
        "prevClose": 390.78,
        "stdDev": 4.4725375287202205
    },
    "SLV": {
        "prevClose": 59.01,
        "stdDev": 1.2521250675400553
    },
    "USO": {
        "prevClose": 131.3,
        "stdDev": 3.089391505488145
    },
    "UNG": {
        "prevClose": 11.39,
        "stdDev": 0.3545426680333717
    },
    "CPER": {
        "prevClose": 38.6,
        "stdDev": 0.7563802782627106
    },
    "TLT": {
        "prevClose": 85.12,
        "stdDev": 0.7669045847526511
    },
    "HYG": {
        "prevClose": 79.62,
        "stdDev": 0.5459751666913304
    },
    "FXE": {
        "prevClose": 106.53,
        "stdDev": 0.5964082416965734
    },
    "FXY": {
        "prevClose": 57.23,
        "stdDev": 0.3646420384426868
    }
}