{
    "VIXY": {
        "prevClose": 22.7,
        "stdDev": 0.9728275875211028
    },
    "SPY": {
        "prevClose": 740.96,
        "stdDev": 8.676063953013514
    },
    "QQQ": {
        "prevClose": 722.51,
        "stdDev": 12.23431214178607
    },
    "DIA": {
        "prevClose": 516.3,
        "stdDev": 6.029088722287241
    },
    "IWM": {
        "prevClose": 289.88,
        "stdDev": 4.376147724173665
    },
    "DAX": {
        "prevClose": 44.8759,
        "stdDev": 0.6071795347405995
    },
    "VT": {
        "prevClose": 156.41,
        "stdDev": 2.0305715039606915
    },
    "EEM": {
        "prevClose": 68.56,
        "stdDev": 1.1681449839375895
    },
    "AAPL": {
        "prevClose": 295.95,
        "stdDev": 8.272870738526466
    },
    "NVDA": {
        "prevClose": 204.65,
        "stdDev": 7.617713101252457
    },
    "PG": {
        "prevClose": 150.56,
        "stdDev": 2.035063443894771
    },
    "WMT": {
        "prevClose": 118.13,
        "stdDev": 2.173524384905831
    },
    "AEM": {
        "prevClose": 172.99,
        "stdDev": 5.313558033453312
    },
    "AMAT": {
        "prevClose": 592.92,
        "stdDev": 17.898367855378723
    },
    "XLK": {
        "prevClose": 185.8,
        "stdDev": 3.0334076476341285
    },
    "XLV": {
        "prevClose": 150.71,
        "stdDev": 1.6941780332647451
    },
    "XLF": {
        "prevClose": 54.05,
        "stdDev": 0.9634307508853979
    },
    "XLY": {
        "prevClose": 115.49,
        "stdDev": 1.6520948792225203
    },
    "XLI": {
        "prevClose": 179.6,
        "stdDev": 2.3906881597584477
    },
    "XLP": {
        "prevClose": 83.68,
        "stdDev": 0.8025461388998782
    },
    "XLE": {
        "prevClose": 54.67,
        "stdDev": 0.9896320689714072
    },
    "XLU": {
        "prevClose": 44.46,
        "stdDev": 0.5391810870915558
    },
    "GLD": {
        "prevClose": 388.6,
        "stdDev": 4.457442884303776
    },
    "SLV": {
        "prevClose": 60.61,
        "stdDev": 1.2871914738450299
    },
    "USO": {
        "prevClose": 114.23,
        "stdDev": 2.689273327859787
    },
    "UNG": {
        "prevClose": 11.57,
        "stdDev": 0.3600276492582702
    },
    "CPER": {
        "prevClose": 38.64,
        "stdDev": 0.7571741210049013
    },
    "TLT": {
        "prevClose": 86.33,
        "stdDev": 0.7775843943334473
    },
    "HYG": {
        "prevClose": 79.73,
        "stdDev": 0.5464541651125323
    },
    "FXE": {
        "prevClose": 106.05,
        "stdDev": 0.5935878041292165
    },
    "FXY": {
        "prevClose": 57.09,
        "stdDev": 0.3635570602792201
    }
}