{
    "VIXY": {
        "prevClose": 27.33,
        "stdDev": 1.172732495643644
    },
    "SPY": {
        "prevClose": 742.31,
        "stdDev": 8.695626455346313
    },
    "QQQ": {
        "prevClose": 714.71,
        "stdDev": 12.102259989970076
    },
    "DIA": {
        "prevClose": 497.14,
        "stdDev": 5.809016806711056
    },
    "IWM": {
        "prevClose": 282.67,
        "stdDev": 4.267429451488965
    },
    "DAX": {
        "prevClose": 44.7386,
        "stdDev": 0.6057847565174904
    },
    "VT": {
        "prevClose": 155.4,
        "stdDev": 2.018861070104034
    },
    "EEM": {
        "prevClose": 67.21,
        "stdDev": 1.1495120012701265
    },
    "AAPL": {
        "prevClose": 298.87,
        "stdDev": 8.360960916984421
    },
    "NVDA": {
        "prevClose": 225.83,
        "stdDev": 8.411000595414109
    },
    "PG": {
        "prevClose": 142.24,
        "stdDev": 1.9223703473690208
    },
    "WMT": {
        "prevClose": 131.47,
        "stdDev": 2.418386712712195
    },
    "AEM": {
        "prevClose": 195.97,
        "stdDev": 6.018166979937115
    },
    "AMAT": {
        "prevClose": 436.61,
        "stdDev": 13.237924095369038
    },
    "XLK": {
        "prevClose": 176.85,
        "stdDev": 2.8817076063238862
    },
    "XLV": {
        "prevClose": 146.71,
        "stdDev": 1.6495972603531197
    },
    "XLF": {
        "prevClose": 50.99,
        "stdDev": 0.9100462372839557
    },
    "XLY": {
        "prevClose": 118.72,
        "stdDev": 1.6984773530364428
    },
    "XLI": {
        "prevClose": 173.62,
        "stdDev": 2.3114000377001322
    },
    "XLP": {
        "prevClose": 84.72,
        "stdDev": 0.8123334179608874
    },
    "XLE": {
        "prevClose": 57.63,
        "stdDev": 1.0435337887957525
    },
    "XLU": {
        "prevClose": 44.67,
        "stdDev": 0.5418057867908085
    },
    "GLD": {
        "prevClose": 430.5,
        "stdDev": 4.922551352921788
    },
    "SLV": {
        "prevClose": 79.35,
        "stdDev": 1.6773013071300333
    },
    "USO": {
        "prevClose": 142.04,
        "stdDev": 3.339386590162599
    },
    "UNG": {
        "prevClose": 10.98,
        "stdDev": 0.34191307859560216
    },
    "CPER": {
        "prevClose": 40.27,
        "stdDev": 0.7888309566167641
    },
    "TLT": {
        "prevClose": 84.8,
        "stdDev": 0.7647021416366083
    },
    "HYG": {
        "prevClose": 79.91,
        "stdDev": 0.5487901771564716
    },
    "FXE": {
        "prevClose": 108.04,
        "stdDev": 0.6055133699908384
    },
    "FXY": {
        "prevClose": 58.17,
        "stdDev": 0.3712861319591304
    }
}