{
    "VIXY": {
        "prevClose": 24.64,
        "stdDev": 1.0564512852774526
    },
    "SPY": {
        "prevClose": 750.59,
        "stdDev": 8.790003045083303
    },
    "QQQ": {
        "prevClose": 730.28,
        "stdDev": 12.361587397821673
    },
    "DIA": {
        "prevClose": 505.25,
        "stdDev": 5.901771341138802
    },
    "IWM": {
        "prevClose": 290.51,
        "stdDev": 4.385915256790055
    },
    "DAX": {
        "prevClose": 46.2571,
        "stdDev": 0.6264008566067736
    },
    "VT": {
        "prevClose": 157.38,
        "stdDev": 2.0436327672905508
    },
    "EEM": {
        "prevClose": 68.4,
        "stdDev": 1.170148784156014
    },
    "AAPL": {
        "prevClose": 308.33,
        "stdDev": 8.622808881473004
    },
    "NVDA": {
        "prevClose": 214.86,
        "stdDev": 7.999919043996129
    },
    "PG": {
        "prevClose": 142.96,
        "stdDev": 1.931765480213538
    },
    "WMT": {
        "prevClose": 118.57,
        "stdDev": 2.182141055101258
    },
    "AEM": {
        "prevClose": 180.57,
        "stdDev": 5.545200632822841
    },
    "AMAT": {
        "prevClose": 454.89,
        "stdDev": 13.716274670119473
    },
    "XLK": {
        "prevClose": 185.14,
        "stdDev": 3.01670034032392
    },
    "XLV": {
        "prevClose": 148.51,
        "stdDev": 1.669358067737097
    },
    "XLF": {
        "prevClose": 51.85,
        "stdDev": 0.9249616245484905
    },
    "XLY": {
        "prevClose": 119.45,
        "stdDev": 1.7086213785958684
    },
    "XLI": {
        "prevClose": 174.3,
        "stdDev": 2.319968163580402
    },
    "XLP": {
        "prevClose": 83.63,
        "stdDev": 0.8017950447997966
    },
    "XLE": {
        "prevClose": 57.85,
        "stdDev": 1.047523115522943
    },
    "XLU": {
        "prevClose": 45.33,
        "stdDev": 0.5497186581907743
    },
    "GLD": {
        "prevClose": 414.0,
        "stdDev": 4.734374710059398
    },
    "SLV": {
        "prevClose": 69.72,
        "stdDev": 1.4772061752575756
    },
    "USO": {
        "prevClose": 137.0,
        "stdDev": 3.2220629609411877
    },
    "UNG": {
        "prevClose": 10.91,
        "stdDev": 0.3396120288203793
    },
    "CPER": {
        "prevClose": 39.03,
        "stdDev": 0.7646619180822516
    },
    "TLT": {
        "prevClose": 85.1,
        "stdDev": 0.7672492027843215
    },
    "HYG": {
        "prevClose": 80.18,
        "stdDev": 0.5502870734686447
    },
    "FXE": {
        "prevClose": 107.35,
        "stdDev": 0.601292758674374
    },
    "FXY": {
        "prevClose": 57.63,
        "stdDev": 0.3675551240058765
    }
}