{
    "VIXY": {
        "prevClose": 26.85,
        "stdDev": 1.1526247149023172
    },
    "SPY": {
        "prevClose": 731.58,
        "stdDev": 8.571624851322209
    },
    "QQQ": {
        "prevClose": 694.94,
        "stdDev": 11.768817187296825
    },
    "DIA": {
        "prevClose": 495.91,
        "stdDev": 5.796249942602818
    },
    "IWM": {
        "prevClose": 282.26,
        "stdDev": 4.26232233114023
    },
    "DAX": {
        "prevClose": 45.5038,
        "stdDev": 0.6164770516160144
    },
    "VT": {
        "prevClose": 153.72,
        "stdDev": 1.997702643966706
    },
    "EEM": {
        "prevClose": 66.59,
        "stdDev": 1.1386991831083297
    },
    "AAPL": {
        "prevClose": 287.44,
        "stdDev": 8.041295633308417
    },
    "NVDA": {
        "prevClose": 211.5,
        "stdDev": 7.879134480625731
    },
    "PG": {
        "prevClose": 146.06,
        "stdDev": 1.9740331900401729
    },
    "WMT": {
        "prevClose": 130.2,
        "stdDev": 2.396599479158382
    },
    "AEM": {
        "prevClose": 187.77,
        "stdDev": 5.7669419617423925
    },
    "AMAT": {
        "prevClose": 410.64,
        "stdDev": 12.449886161231474
    },
    "XLK": {
        "prevClose": 169.69,
        "stdDev": 2.764626243894603
    },
    "XLV": {
        "prevClose": 144.72,
        "stdDev": 1.6272387864703088
    },
    "XLF": {
        "prevClose": 51.55,
        "stdDev": 0.9202587087483186
    },
    "XLY": {
        "prevClose": 119.88,
        "stdDev": 1.7154747409762603
    },
    "XLI": {
        "prevClose": 174.0,
        "stdDev": 2.3169723663293866
    },
    "XLP": {
        "prevClose": 83.98,
        "stdDev": 0.8053011572879705
    },
    "XLE": {
        "prevClose": 55.95,
        "stdDev": 1.0132439433536458
    },
    "XLU": {
        "prevClose": 45.12,
        "stdDev": 0.5473396023622554
    },
    "GLD": {
        "prevClose": 431.68,
        "stdDev": 4.937600415257403
    },
    "SLV": {
        "prevClose": 71.6,
        "stdDev": 1.5124565814873254
    },
    "USO": {
        "prevClose": 134.97,
        "stdDev": 3.172516313128449
    },
    "UNG": {
        "prevClose": 10.68,
        "stdDev": 0.33254625659126147
    },
    "CPER": {
        "prevClose": 37.35,
        "stdDev": 0.73147997977098
    },
    "TLT": {
        "prevClose": 85.65,
        "stdDev": 0.7725345974635743
    },
    "HYG": {
        "prevClose": 79.86,
        "stdDev": 0.5486532013994172
    },
    "FXE": {
        "prevClose": 108.27,
        "stdDev": 0.6069748137446639
    },
    "FXY": {
        "prevClose": 58.56,
        "stdDev": 0.37391234661380063
    }
}