{
    "SPY": {
        "prevClose": 656.82,
        "stdDev": 7.698766358694483
    },
    "QQQ": {
        "prevClose": 587.82,
        "stdDev": 9.962704431072607
    },
    "DIA": {
        "prevClose": 464.14,
        "stdDev": 5.427890325492259
    },
    "IWM": {
        "prevClose": 251.82,
        "stdDev": 3.8043983339015552
    },
    "DAX": {
        "prevClose": 42.0,
        "stdDev": 0.568130518654788
    },
    "VT": {
        "prevClose": 139.17,
        "stdDev": 1.8097048186522287
    }
}