{
    "VIXY": {
        "prevClose": 26.3,
        "stdDev": 1.12817989269614
    },
    "SPY": {
        "prevClose": 738.65,
        "stdDev": 8.65200593931469
    },
    "QQQ": {
        "prevClose": 705.88,
        "stdDev": 11.951065216260034
    },
    "DIA": {
        "prevClose": 497.01,
        "stdDev": 5.806791737535942
    },
    "IWM": {
        "prevClose": 275.97,
        "stdDev": 4.166281375336806
    },
    "DAX": {
        "prevClose": 44.745,
        "stdDev": 0.6060209109825534
    },
    "VT": {
        "prevClose": 153.71,
        "stdDev": 1.996615917641518
    },
    "EEM": {
        "prevClose": 64.97,
        "stdDev": 1.111323061958888
    },
    "AAPL": {
        "prevClose": 297.84,
        "stdDev": 8.331110625463342
    },
    "NVDA": {
        "prevClose": 222.32,
        "stdDev": 8.280249847528172
    },
    "PG": {
        "prevClose": 142.39,
        "stdDev": 1.924254586458717
    },
    "WMT": {
        "prevClose": 133.34,
        "stdDev": 2.4525940510054984
    },
    "AEM": {
        "prevClose": 179.21,
        "stdDev": 5.503893679936156
    },
    "AMAT": {
        "prevClose": 413.57,
        "stdDev": 12.539637309081463
    },
    "XLK": {
        "prevClose": 174.36,
        "stdDev": 2.841044992185213
    },
    "XLV": {
        "prevClose": 145.72,
        "stdDev": 1.6382341833805638
    },
    "XLF": {
        "prevClose": 51.74,
        "stdDev": 0.9232722425572601
    },
    "XLY": {
        "prevClose": 116.32,
        "stdDev": 1.6639857525544002
    },
    "XLI": {
        "prevClose": 170.75,
        "stdDev": 2.273047156994645
    },
    "XLP": {
        "prevClose": 85.9,
        "stdDev": 0.8236223990062623
    },
    "XLE": {
        "prevClose": 60.58,
        "stdDev": 1.0969376164282654
    },
    "XLU": {
        "prevClose": 43.94,
        "stdDev": 0.5329873578250269
    },
    "GLD": {
        "prevClose": 418.43,
        "stdDev": 4.785384263083006
    },
    "SLV": {
        "prevClose": 69.94,
        "stdDev": 1.4814720732466635
    },
    "USO": {
        "prevClose": 149.29,
        "stdDev": 3.5096811996380657
    },
    "UNG": {
        "prevClose": 11.54,
        "stdDev": 0.3592763043460919
    },
    "CPER": {
        "prevClose": 38.4,
        "stdDev": 0.7525393680818772
    },
    "TLT": {
        "prevClose": 83.56,
        "stdDev": 0.7535102049076955
    },
    "HYG": {
        "prevClose": 79.54,
        "stdDev": 0.5461116960558375
    },
    "FXE": {
        "prevClose": 107.51,
        "stdDev": 0.6024293836714147
    },
    "FXY": {
        "prevClose": 57.8,
        "stdDev": 0.3688243638296096
    }
}