{
    "VIXY": {
        "prevClose": 26.62,
        "stdDev": 1.1417763864334542
    },
    "SPY": {
        "prevClose": 733.73,
        "stdDev": 8.594051811454124
    },
    "QQQ": {
        "prevClose": 701.53,
        "stdDev": 11.876679700564686
    },
    "DIA": {
        "prevClose": 493.98,
        "stdDev": 5.771109553623922
    },
    "IWM": {
        "prevClose": 273.0,
        "stdDev": 4.1213001572705705
    },
    "DAX": {
        "prevClose": 44.705,
        "stdDev": 0.60537453633666
    },
    "VT": {
        "prevClose": 152.63,
        "stdDev": 1.9824381793871384
    },
    "EEM": {
        "prevClose": 64.26,
        "stdDev": 1.0991255784718672
    },
    "AAPL": {
        "prevClose": 298.97,
        "stdDev": 8.362357911325136
    },
    "NVDA": {
        "prevClose": 220.61,
        "stdDev": 8.215998207546216
    },
    "PG": {
        "prevClose": 141.3,
        "stdDev": 1.9094864129959181
    },
    "WMT": {
        "prevClose": 134.2,
        "stdDev": 2.468330221668518
    },
    "AEM": {
        "prevClose": 173.4,
        "stdDev": 5.325491640917373
    },
    "AMAT": {
        "prevClose": 406.91,
        "stdDev": 12.33729880787386
    },
    "XLK": {
        "prevClose": 173.24,
        "stdDev": 2.8226267595584544
    },
    "XLV": {
        "prevClose": 147.32,
        "stdDev": 1.656208702545573
    },
    "XLF": {
        "prevClose": 51.1,
        "stdDev": 0.9118189724061906
    },
    "XLY": {
        "prevClose": 115.03,
        "stdDev": 1.6454899765766668
    },
    "XLI": {
        "prevClose": 168.74,
        "stdDev": 2.246263668014305
    },
    "XLP": {
        "prevClose": 86.09,
        "stdDev": 0.8253867201351979
    },
    "XLE": {
        "prevClose": 61.29,
        "stdDev": 1.109744661092312
    },
    "XLU": {
        "prevClose": 44.34,
        "stdDev": 0.5378206726703973
    },
    "GLD": {
        "prevClose": 411.5,
        "stdDev": 4.706668569760093
    },
    "SLV": {
        "prevClose": 66.9,
        "stdDev": 1.4175652329380137
    },
    "USO": {
        "prevClose": 152.96,
        "stdDev": 3.59599161886026
    },
    "UNG": {
        "prevClose": 11.9,
        "stdDev": 0.37048649847378257
    },
    "CPER": {
        "prevClose": 37.63,
        "stdDev": 0.7374575070095714
    },
    "TLT": {
        "prevClose": 83.02,
        "stdDev": 0.7486119040159595
    },
    "HYG": {
        "prevClose": 79.35,
        "stdDev": 0.5447585195431018
    },
    "FXE": {
        "prevClose": 107.08,
        "stdDev": 0.5999914666538347
    },
    "FXY": {
        "prevClose": 57.72,
        "stdDev": 0.36827747318962056
    }
}