{
    "VIXY": {
        "prevClose": 23.29,
        "stdDev": 0.9982378173914229
    },
    "SPY": {
        "prevClose": 756.48,
        "stdDev": 8.857513018549074
    },
    "QQQ": {
        "prevClose": 738.31,
        "stdDev": 12.495018720276295
    },
    "DIA": {
        "prevClose": 510.78,
        "stdDev": 5.9652866590206015
    },
    "IWM": {
        "prevClose": 290.43,
        "stdDev": 4.383794723250566
    },
    "DAX": {
        "prevClose": 46.15,
        "stdDev": 0.6246302120161845
    },
    "VT": {
        "prevClose": 158.12,
        "stdDev": 2.052588089694489
    },
    "EEM": {
        "prevClose": 68.6,
        "stdDev": 1.173270606526479
    },
    "AAPL": {
        "prevClose": 312.06,
        "stdDev": 8.726019411063032
    },
    "NVDA": {
        "prevClose": 211.14,
        "stdDev": 7.859875949612386
    },
    "PG": {
        "prevClose": 143.56,
        "stdDev": 1.9401359783995733
    },
    "WMT": {
        "prevClose": 115.75,
        "stdDev": 2.1301838448556225
    },
    "AEM": {
        "prevClose": 183.15,
        "stdDev": 5.624275531387029
    },
    "AMAT": {
        "prevClose": 450.06,
        "stdDev": 13.569044474174447
    },
    "XLK": {
        "prevClose": 191.02,
        "stdDev": 3.1123832459025333
    },
    "XLV": {
        "prevClose": 149.47,
        "stdDev": 1.6800560731111678
    },
    "XLF": {
        "prevClose": 51.58,
        "stdDev": 0.9199693958885452
    },
    "XLY": {
        "prevClose": 120.87,
        "stdDev": 1.7288076525909306
    },
    "XLI": {
        "prevClose": 173.13,
        "stdDev": 2.303920820107858
    },
    "XLP": {
        "prevClose": 82.91,
        "stdDev": 0.795011012569063
    },
    "XLE": {
        "prevClose": 56.29,
        "stdDev": 1.0191390835094145
    },
    "XLU": {
        "prevClose": 44.42,
        "stdDev": 0.538614054086816
    },
    "GLD": {
        "prevClose": 417.12,
        "stdDev": 4.77005420983009
    },
    "SLV": {
        "prevClose": 68.33,
        "stdDev": 1.4477150523994056
    },
    "USO": {
        "prevClose": 129.09,
        "stdDev": 3.036282346081038
    },
    "UNG": {
        "prevClose": 11.93,
        "stdDev": 0.37143221569294554
    },
    "CPER": {
        "prevClose": 38.86,
        "stdDev": 0.7611415360873959
    },
    "TLT": {
        "prevClose": 85.76,
        "stdDev": 0.7700262521199961
    },
    "HYG": {
        "prevClose": 80.31,
        "stdDev": 0.5483090100755252
    },
    "FXE": {
        "prevClose": 107.7,
        "stdDev": 0.6028385291008255
    },
    "FXY": {
        "prevClose": 57.62,
        "stdDev": 0.3673836332888806
    }
}