{
    "VIXY": {
        "prevClose": 27.05,
        "stdDev": 1.1610680507863889
    },
    "SPY": {
        "prevClose": 737.62,
        "stdDev": 8.642106590968956
    },
    "QQQ": {
        "prevClose": 711.23,
        "stdDev": 12.04539945434621
    },
    "DIA": {
        "prevClose": 496.13,
        "stdDev": 5.798414007993965
    },
    "IWM": {
        "prevClose": 284.17,
        "stdDev": 4.290895090248046
    },
    "DAX": {
        "prevClose": 45.425,
        "stdDev": 0.6153043759998408
    },
    "VT": {
        "prevClose": 155.18,
        "stdDev": 2.0165624033573493
    },
    "EEM": {
        "prevClose": 67.94,
        "stdDev": 1.1618169230430355
    },
    "AAPL": {
        "prevClose": 293.32,
        "stdDev": 8.19912106709358
    },
    "NVDA": {
        "prevClose": 215.2,
        "stdDev": 8.016497617925731
    },
    "PG": {
        "prevClose": 146.42,
        "stdDev": 1.9788390148598922
    },
    "WMT": {
        "prevClose": 130.43,
        "stdDev": 2.399258247721726
    },
    "AEM": {
        "prevClose": 193.21,
        "stdDev": 5.933985288277887
    },
    "AMAT": {
        "prevClose": 435.44,
        "stdDev": 13.203447201357902
    },
    "XLK": {
        "prevClose": 175.52,
        "stdDev": 2.860274558433398
    },
    "XLV": {
        "prevClose": 143.49,
        "stdDev": 1.6133639838742755
    },
    "XLF": {
        "prevClose": 51.24,
        "stdDev": 0.9146663727233261
    },
    "XLY": {
        "prevClose": 120.2,
        "stdDev": 1.719932198630646
    },
    "XLI": {
        "prevClose": 173.2,
        "stdDev": 2.30617542279901
    },
    "XLP": {
        "prevClose": 84.18,
        "stdDev": 0.8071632262917475
    },
    "XLE": {
        "prevClose": 55.7,
        "stdDev": 1.0086483857610873
    },
    "XLU": {
        "prevClose": 44.72,
        "stdDev": 0.5424705772354068
    },
    "GLD": {
        "prevClose": 433.77,
        "stdDev": 4.961114796044262
    },
    "SLV": {
        "prevClose": 73.01,
        "stdDev": 1.5422140189766367
    },
    "USO": {
        "prevClose": 133.59,
        "stdDev": 3.139824300640144
    },
    "UNG": {
        "prevClose": 10.57,
        "stdDev": 0.32908970409111266
    },
    "CPER": {
        "prevClose": 38.27,
        "stdDev": 0.7495522472118142
    },
    "TLT": {
        "prevClose": 86.08,
        "stdDev": 0.7763670431582165
    },
    "HYG": {
        "prevClose": 80.14,
        "stdDev": 0.5505327791189075
    },
    "FXE": {
        "prevClose": 108.71,
        "stdDev": 0.609413064752995
    },
    "FXY": {
        "prevClose": 58.6,
        "stdDev": 0.3741296189375155
    }
}