{
    "VIXY": {
        "prevClose": 21.52,
        "stdDev": 0.921592949120131
    },
    "SPY": {
        "prevClose": 745.76,
        "stdDev": 8.730283833496863
    },
    "QQQ": {
        "prevClose": 725.17,
        "stdDev": 12.281078505781467
    },
    "DIA": {
        "prevClose": 522.4,
        "stdDev": 6.096745628106327
    },
    "IWM": {
        "prevClose": 299.32,
        "stdDev": 4.516171377914918
    },
    "DAX": {
        "prevClose": 44.255,
        "stdDev": 0.5983035574051955
    },
    "VT": {
        "prevClose": 156.12,
        "stdDev": 2.0259073104511454
    },
    "EEM": {
        "prevClose": 66.48,
        "stdDev": 1.139860435890158
    },
    "AAPL": {
        "prevClose": 294.38,
        "stdDev": 8.228588539451907
    },
    "NVDA": {
        "prevClose": 197.58,
        "stdDev": 7.351433706199703
    },
    "PG": {
        "prevClose": 147.43,
        "stdDev": 1.9927492313337969
    },
    "WMT": {
        "prevClose": 108.82,
        "stdDev": 2.0022442229979425
    },
    "AEM": {
        "prevClose": 154.85,
        "stdDev": 4.755883810316892
    },
    "AMAT": {
        "prevClose": 650.91,
        "stdDev": 19.690973420953927
    },
    "XLK": {
        "prevClose": 185.62,
        "stdDev": 3.032741179720849
    },
    "XLV": {
        "prevClose": 159.54,
        "stdDev": 1.794001399361157
    },
    "XLF": {
        "prevClose": 54.78,
        "stdDev": 0.9759568909021884
    },
    "XLY": {
        "prevClose": 118.09,
        "stdDev": 1.6891650652373582
    },
    "XLI": {
        "prevClose": 183.36,
        "stdDev": 2.440847008782756
    },
    "XLP": {
        "prevClose": 83.3,
        "stdDev": 0.798923917680884
    },
    "XLE": {
        "prevClose": 52.81,
        "stdDev": 0.955558000214832
    },
    "XLU": {
        "prevClose": 44.77,
        "stdDev": 0.5427871995578862
    },
    "GLD": {
        "prevClose": 370.6,
        "stdDev": 4.252928673442065
    },
    "SLV": {
        "prevClose": 53.58,
        "stdDev": 1.1393133419565753
    },
    "USO": {
        "prevClose": 103.27,
        "stdDev": 2.431605069505675
    },
    "UNG": {
        "prevClose": 11.52,
        "stdDev": 0.3582761396981391
    },
    "CPER": {
        "prevClose": 37.21,
        "stdDev": 0.7290678188660958
    },
    "TLT": {
        "prevClose": 85.52,
        "stdDev": 0.7701247650844836
    },
    "HYG": {
        "prevClose": 79.59,
        "stdDev": 0.5449646561738705
    },
    "FXE": {
        "prevClose": 104.95,
        "stdDev": 0.5869351377000237
    },
    "FXY": {
        "prevClose": 56.43,
        "stdDev": 0.3590552330592019
    }
}