{
    "VIXY": {
        "prevClose": 27.7,
        "stdDev": 1.1893866026137458
    },
    "SPY": {
        "prevClose": 723.77,
        "stdDev": 8.480424433846506
    },
    "QQQ": {
        "prevClose": 681.61,
        "stdDev": 11.543559018449098
    },
    "DIA": {
        "prevClose": 492.96,
        "stdDev": 5.762026306142208
    },
    "IWM": {
        "prevClose": 282.56,
        "stdDev": 4.26682197245386
    },
    "DAX": {
        "prevClose": 45.25,
        "stdDev": 0.6125957620758887
    },
    "VT": {
        "prevClose": 152.12,
        "stdDev": 1.9767827737474186
    },
    "EEM": {
        "prevClose": 65.4,
        "stdDev": 1.1181616165746513
    },
    "AAPL": {
        "prevClose": 284.18,
        "stdDev": 7.950736672172846
    },
    "NVDA": {
        "prevClose": 196.5,
        "stdDev": 7.320141467057194
    },
    "PG": {
        "prevClose": 144.9,
        "stdDev": 1.9582874814924152
    },
    "WMT": {
        "prevClose": 130.79,
        "stdDev": 2.40762766053082
    },
    "AEM": {
        "prevClose": 178.14,
        "stdDev": 5.470697153453481
    },
    "AMAT": {
        "prevClose": 410.82,
        "stdDev": 12.454177250607898
    },
    "XLK": {
        "prevClose": 165.63,
        "stdDev": 2.6983747682964827
    },
    "XLV": {
        "prevClose": 145.3,
        "stdDev": 1.6339741336360405
    },
    "XLF": {
        "prevClose": 51.59,
        "stdDev": 0.9210950051812495
    },
    "XLY": {
        "prevClose": 118.07,
        "stdDev": 1.6896886174883248
    },
    "XLI": {
        "prevClose": 172.41,
        "stdDev": 2.2952740689719726
    },
    "XLP": {
        "prevClose": 84.06,
        "stdDev": 0.8061760267348558
    },
    "XLE": {
        "prevClose": 59.45,
        "stdDev": 1.0762700359813746
    },
    "XLU": {
        "prevClose": 46.37,
        "stdDev": 0.5624762083207694
    },
    "GLD": {
        "prevClose": 418.27,
        "stdDev": 4.782153603317454
    },
    "SLV": {
        "prevClose": 65.91,
        "stdDev": 1.3912282373260203
    },
    "USO": {
        "prevClose": 144.17,
        "stdDev": 3.3861374658904206
    },
    "UNG": {
        "prevClose": 10.64,
        "stdDev": 0.3313409465345189
    },
    "CPER": {
        "prevClose": 36.33,
        "stdDev": 0.7114205550410471
    },
    "TLT": {
        "prevClose": 85.43,
        "stdDev": 0.7706143112589834
    },
    "HYG": {
        "prevClose": 79.92,
        "stdDev": 0.5491514940399126
    },
    "FXE": {
        "prevClose": 107.88,
        "stdDev": 0.6048603832957185
    },
    "FXY": {
        "prevClose": 58.19,
        "stdDev": 0.3715522071191016
    }
}