{
    "VIXY": {
        "prevClose": 28.33,
        "stdDev": 1.2183217985555628
    },
    "SPY": {
        "prevClose": 699.94,
        "stdDev": 8.206079187494987
    },
    "QQQ": {
        "prevClose": 637.4,
        "stdDev": 10.802275759059686
    },
    "DIA": {
        "prevClose": 484.72,
        "stdDev": 5.668695442216677
    },
    "IWM": {
        "prevClose": 269.39,
        "stdDev": 4.070102480679097
    },
    "DAX": {
        "prevClose": 45.08,
        "stdDev": 0.6107438182018164
    },
    "VT": {
        "prevClose": 148.62,
        "stdDev": 1.9331562255883266
    },
    "EEM": {
        "prevClose": 62.2,
        "stdDev": 1.06390449314516
    },
    "AAPL": {
        "prevClose": 266.43,
        "stdDev": 7.456873078643483
    },
    "NVDA": {
        "prevClose": 198.87,
        "stdDev": 7.4132199974639645
    },
    "PG": {
        "prevClose": 143.38,
        "stdDev": 1.9374969781988431
    },
    "WMT": {
        "prevClose": 124.76,
        "stdDev": 2.2972008322482367
    },
    "AEM": {
        "prevClose": 214.4,
        "stdDev": 6.584919918197583
    },
    "AMAT": {
        "prevClose": 394.26,
        "stdDev": 11.953795772068581
    },
    "XLK": {
        "prevClose": 150.3,
        "stdDev": 2.4492392590650907
    },
    "XLV": {
        "prevClose": 147.77,
        "stdDev": 1.6621903382538292
    },
    "XLF": {
        "prevClose": 52.17,
        "stdDev": 0.9323185880810728
    },
    "XLY": {
        "prevClose": 118.18,
        "stdDev": 1.692291976465376
    },
    "XLI": {
        "prevClose": 171.18,
        "stdDev": 2.279250843545321
    },
    "XLP": {
        "prevClose": 81.06,
        "stdDev": 0.7775363399432859
    },
    "XLE": {
        "prevClose": 55.76,
        "stdDev": 1.0099289302090602
    },
    "XLU": {
        "prevClose": 46.02,
        "stdDev": 0.5582379689374789
    },
    "GLD": {
        "prevClose": 440.46,
        "stdDev": 5.032933836389073
    },
    "SLV": {
        "prevClose": 71.84,
        "stdDev": 1.5151277263798413
    },
    "USO": {
        "prevClose": 122.59,
        "stdDev": 2.8703825694297844
    },
    "UNG": {
        "prevClose": 10.58,
        "stdDev": 0.32971808464854074
    },
    "CPER": {
        "prevClose": 37.26,
        "stdDev": 0.5848597953885631
    },
    "TLT": {
        "prevClose": 86.83,
        "stdDev": 0.7838723573684717
    },
    "HYG": {
        "prevClose": 80.46,
        "stdDev": 0.553581161655226
    },
    "FXE": {
        "prevClose": 108.93,
        "stdDev": 0.6114152844133617
    },
    "FXY": {
        "prevClose": 57.73,
        "stdDev": 0.36853650433055657
    }
}