{
    "VIXY": {
        "prevClose": 22.91,
        "stdDev": 0.9815917565028569
    },
    "SPY": {
        "prevClose": 733.24,
        "stdDev": 8.584889103954923
    },
    "QQQ": {
        "prevClose": 710.62,
        "stdDev": 12.034879559989564
    },
    "DIA": {
        "prevClose": 518.52,
        "stdDev": 6.053377521871561
    },
    "IWM": {
        "prevClose": 296.69,
        "stdDev": 4.478036989427051
    },
    "DAX": {
        "prevClose": 44.27,
        "stdDev": 0.5987836534089042
    },
    "VT": {
        "prevClose": 154.26,
        "stdDev": 2.002525054979746
    },
    "EEM": {
        "prevClose": 67.25,
        "stdDev": 1.1531233866678614
    },
    "AAPL": {
        "prevClose": 293.08,
        "stdDev": 8.191296017428884
    },
    "NVDA": {
        "prevClose": 199.0,
        "stdDev": 7.406346864396152
    },
    "PG": {
        "prevClose": 152.04,
        "stdDev": 2.0551049854482817
    },
    "WMT": {
        "prevClose": 119.0,
        "stdDev": 2.189311109920278
    },
    "AEM": {
        "prevClose": 153.46,
        "stdDev": 4.713896668357235
    },
    "AMAT": {
        "prevClose": 588.97,
        "stdDev": 17.785150839829388
    },
    "XLK": {
        "prevClose": 183.05,
        "stdDev": 2.9899005083990744
    },
    "XLV": {
        "prevClose": 153.35,
        "stdDev": 1.7237496531490974
    },
    "XLF": {
        "prevClose": 53.72,
        "stdDev": 0.9573090024805263
    },
    "XLY": {
        "prevClose": 115.07,
        "stdDev": 1.646036871899449
    },
    "XLI": {
        "prevClose": 180.21,
        "stdDev": 2.398743698663023
    },
    "XLP": {
        "prevClose": 84.44,
        "stdDev": 0.8099014470181507
    },
    "XLE": {
        "prevClose": 53.57,
        "stdDev": 0.9696048801121365
    },
    "XLU": {
        "prevClose": 45.54,
        "stdDev": 0.5521833257764177
    },
    "GLD": {
        "prevClose": 365.92,
        "stdDev": 4.19988949754231
    },
    "SLV": {
        "prevClose": 51.78,
        "stdDev": 1.1013981078332231
    },
    "USO": {
        "prevClose": 106.29,
        "stdDev": 2.502517253822373
    },
    "UNG": {
        "prevClose": 11.73,
        "stdDev": 0.3649017079726518
    },
    "CPER": {
        "prevClose": 36.31,
        "stdDev": 0.7117175441135268
    },
    "TLT": {
        "prevClose": 87.38,
        "stdDev": 0.7869938224153653
    },
    "HYG": {
        "prevClose": 79.85,
        "stdDev": 0.5470661505062723
    },
    "FXE": {
        "prevClose": 104.77,
        "stdDev": 0.5862649895030444
    },
    "FXY": {
        "prevClose": 56.7,
        "stdDev": 0.3609443201548897
    }
}