{
    "VIXY": {
        "prevClose": 26.93,
        "stdDev": 1.1553182288100046
    },
    "SPY": {
        "prevClose": 739.17,
        "stdDev": 8.658608823750095
    },
    "QQQ": {
        "prevClose": 708.93,
        "stdDev": 12.00351345970912
    },
    "DIA": {
        "prevClose": 495.37,
        "stdDev": 5.78801099179112
    },
    "IWM": {
        "prevClose": 277.6,
        "stdDev": 4.191155783745113
    },
    "DAX": {
        "prevClose": 43.893,
        "stdDev": 0.5943825036998367
    },
    "VT": {
        "prevClose": 153.52,
        "stdDev": 1.9943685030280822
    },
    "EEM": {
        "prevClose": 65.07,
        "stdDev": 1.1131281730794302
    },
    "AAPL": {
        "prevClose": 300.23,
        "stdDev": 8.398294557306183
    },
    "NVDA": {
        "prevClose": 225.32,
        "stdDev": 8.392500145032306
    },
    "PG": {
        "prevClose": 141.57,
        "stdDev": 1.9132227696151707
    },
    "WMT": {
        "prevClose": 131.45,
        "stdDev": 2.417870843094106
    },
    "AEM": {
        "prevClose": 180.33,
        "stdDev": 5.538488025016744
    },
    "AMAT": {
        "prevClose": 436.62,
        "stdDev": 13.237073832155911
    },
    "XLK": {
        "prevClose": 176.26,
        "stdDev": 2.8721133096522857
    },
    "XLV": {
        "prevClose": 145.1,
        "stdDev": 1.6313677063414629
    },
    "XLF": {
        "prevClose": 51.1,
        "stdDev": 0.9118869085796008
    },
    "XLY": {
        "prevClose": 116.53,
        "stdDev": 1.6671080562860274
    },
    "XLI": {
        "prevClose": 171.4,
        "stdDev": 2.2818494992617984
    },
    "XLP": {
        "prevClose": 84.64,
        "stdDev": 0.8114652461695183
    },
    "XLE": {
        "prevClose": 59.44,
        "stdDev": 1.0762905184441272
    },
    "XLU": {
        "prevClose": 43.87,
        "stdDev": 0.5321764431705288
    },
    "GLD": {
        "prevClose": 417.29,
        "stdDev": 4.772770098142997
    },
    "SLV": {
        "prevClose": 69.04,
        "stdDev": 1.462501684102608
    },
    "USO": {
        "prevClose": 148.23,
        "stdDev": 3.4850721835302925
    },
    "UNG": {
        "prevClose": 11.33,
        "stdDev": 0.35276040317148305
    },
    "CPER": {
        "prevClose": 38.14,
        "stdDev": 0.7475347146731718
    },
    "TLT": {
        "prevClose": 83.66,
        "stdDev": 0.7544735756964283
    },
    "HYG": {
        "prevClose": 79.46,
        "stdDev": 0.5456184057141694
    },
    "FXE": {
        "prevClose": 107.25,
        "stdDev": 0.6010201220788951
    },
    "FXY": {
        "prevClose": 57.85,
        "stdDev": 0.3691809397700932
    }
}