{
    "VIXY": {
        "prevClose": 27.41,
        "stdDev": 1.1763885882995353
    },
    "SPY": {
        "prevClose": 739.3,
        "stdDev": 8.661285805909149
    },
    "QQQ": {
        "prevClose": 713.29,
        "stdDev": 12.079422623370323
    },
    "DIA": {
        "prevClose": 497.11,
        "stdDev": 5.809467432833415
    },
    "IWM": {
        "prevClose": 285.33,
        "stdDev": 4.308100914315926
    },
    "DAX": {
        "prevClose": 45.24,
        "stdDev": 0.6127026801038374
    },
    "VT": {
        "prevClose": 155.32,
        "stdDev": 2.018157548092936
    },
    "EEM": {
        "prevClose": 67.89,
        "stdDev": 1.1608623225783057
    },
    "AAPL": {
        "prevClose": 292.68,
        "stdDev": 8.188412909543153
    },
    "NVDA": {
        "prevClose": 219.44,
        "stdDev": 8.17399098669408
    },
    "PG": {
        "prevClose": 143.36,
        "stdDev": 1.93757528320228
    },
    "WMT": {
        "prevClose": 127.59,
        "stdDev": 2.3470618437224924
    },
    "AEM": {
        "prevClose": 196.84,
        "stdDev": 6.045326646161268
    },
    "AMAT": {
        "prevClose": 443.62,
        "stdDev": 13.451061071614514
    },
    "XLK": {
        "prevClose": 177.88,
        "stdDev": 2.898655854667696
    },
    "XLV": {
        "prevClose": 143.04,
        "stdDev": 1.6081985139540342
    },
    "XLF": {
        "prevClose": 51.18,
        "stdDev": 0.9135293896019869
    },
    "XLY": {
        "prevClose": 119.37,
        "stdDev": 1.7079640270339773
    },
    "XLI": {
        "prevClose": 175.04,
        "stdDev": 2.3306053582007342
    },
    "XLP": {
        "prevClose": 83.37,
        "stdDev": 0.7994007028881411
    },
    "XLE": {
        "prevClose": 57.17,
        "stdDev": 1.0353444751356113
    },
    "XLU": {
        "prevClose": 45.14,
        "stdDev": 0.5475477027591348
    },
    "GLD": {
        "prevClose": 434.65,
        "stdDev": 4.970728275489494
    },
    "SLV": {
        "prevClose": 78.0,
        "stdDev": 1.6490407995333658
    },
    "USO": {
        "prevClose": 138.66,
        "stdDev": 3.2594863788637047
    },
    "UNG": {
        "prevClose": 11.22,
        "stdDev": 0.34943044517900723
    },
    "CPER": {
        "prevClose": 39.39,
        "stdDev": 0.771610473636879
    },
    "TLT": {
        "prevClose": 85.56,
        "stdDev": 0.771643106302705
    },
    "HYG": {
        "prevClose": 79.98,
        "stdDev": 0.5493822276240501
    },
    "FXE": {
        "prevClose": 108.68,
        "stdDev": 0.6091856822558136
    },
    "FXY": {
        "prevClose": 58.42,
        "stdDev": 0.372950412389529
    }
}