{
    "VIXY": {
        "prevClose": 28.62,
        "stdDev": 1.231083925822566
    },
    "SPY": {
        "prevClose": 686.1,
        "stdDev": 8.044107094895267
    },
    "QQQ": {
        "prevClose": 617.39,
        "stdDev": 10.463377729228533
    },
    "DIA": {
        "prevClose": 482.13,
        "stdDev": 5.6390626852138785
    },
    "IWM": {
        "prevClose": 265.07,
        "stdDev": 4.005202238347342
    },
    "DAX": {
        "prevClose": 44.6056,
        "stdDev": 0.6044959046343559
    },
    "VT": {
        "prevClose": 146.4,
        "stdDev": 1.9045358547562934
    },
    "EEM": {
        "prevClose": 61.07,
        "stdDev": 1.0446497559539338
    },
    "AAPL": {
        "prevClose": 259.2,
        "stdDev": 7.254828803223959
    },
    "NVDA": {
        "prevClose": 189.31,
        "stdDev": 7.057360281348278
    },
    "PG": {
        "prevClose": 143.58,
        "stdDev": 1.9402930796324118
    },
    "WMT": {
        "prevClose": 124.57,
        "stdDev": 2.2938673038090025
    },
    "AEM": {
        "prevClose": 217.38,
        "stdDev": 6.676733085011629
    },
    "AMAT": {
        "prevClose": 395.73,
        "stdDev": 11.999503215334087
    },
    "XLK": {
        "prevClose": 145.61,
        "stdDev": 2.3728461373224397
    },
    "XLV": {
        "prevClose": 147.97,
        "stdDev": 1.6646003430747518
    },
    "XLF": {
        "prevClose": 51.66,
        "stdDev": 0.9233268789133872
    },
    "XLY": {
        "prevClose": 113.92,
        "stdDev": 1.6311386029284747
    },
    "XLI": {
        "prevClose": 172.73,
        "stdDev": 2.3000555568693613
    },
    "XLP": {
        "prevClose": 81.55,
        "stdDev": 0.7823320604779744
    },
    "XLE": {
        "prevClose": 57.11,
        "stdDev": 1.0344278375374136
    },
    "XLU": {
        "prevClose": 46.39,
        "stdDev": 0.5627795549423329
    },
    "GLD": {
        "prevClose": 435.36,
        "stdDev": 4.973499666105232
    },
    "SLV": {
        "prevClose": 68.28,
        "stdDev": 1.4394141653286034
    },
    "USO": {
        "prevClose": 128.47,
        "stdDev": 3.0078840369479005
    },
    "UNG": {
        "prevClose": 10.68,
        "stdDev": 0.3329002768044627
    },
    "CPER": {
        "prevClose": 36.79,
        "stdDev": 0.5776014638686858
    },
    "TLT": {
        "prevClose": 86.75,
        "stdDev": 0.7832437379141769
    },
    "HYG": {
        "prevClose": 80.26,
        "stdDev": 0.5523105397918938
    },
    "FXE": {
        "prevClose": 108.54,
        "stdDev": 0.6093310519131988
    },
    "FXY": {
        "prevClose": 57.59,
        "stdDev": 0.36770644762340854
    }
}