{
    "VIXY": {
        "prevClose": 29.75,
        "stdDev": 1.2797398251607774
    },
    "SPY": {
        "prevClose": 679.46,
        "stdDev": 7.966432282176363
    },
    "QQQ": {
        "prevClose": 611.07,
        "stdDev": 10.356768658853078
    },
    "DIA": {
        "prevClose": 479.25,
        "stdDev": 5.605680391890971
    },
    "IWM": {
        "prevClose": 261.3,
        "stdDev": 3.9482804204345485
    },
    "DAX": {
        "prevClose": 44.2,
        "stdDev": 0.5990597046087631
    },
    "VT": {
        "prevClose": 144.98,
        "stdDev": 1.8861631424032854
    },
    "EEM": {
        "prevClose": 60.56,
        "stdDev": 1.0359956935705148
    },
    "AAPL": {
        "prevClose": 260.48,
        "stdDev": 7.290961439659874
    },
    "NVDA": {
        "prevClose": 188.63,
        "stdDev": 7.032521969140073
    },
    "PG": {
        "prevClose": 145.16,
        "stdDev": 1.9616627264628155
    },
    "WMT": {
        "prevClose": 126.77,
        "stdDev": 2.334380782009442
    },
    "AEM": {
        "prevClose": 218.75,
        "stdDev": 6.719051162580944
    },
    "AMAT": {
        "prevClose": 399.49,
        "stdDev": 12.114030023247318
    },
    "XLK": {
        "prevClose": 142.62,
        "stdDev": 2.3240257662494503
    },
    "XLV": {
        "prevClose": 147.31,
        "stdDev": 1.6572798769470203
    },
    "XLF": {
        "prevClose": 50.77,
        "stdDev": 0.9074249723112447
    },
    "XLY": {
        "prevClose": 112.89,
        "stdDev": 1.616464849624822
    },
    "XLI": {
        "prevClose": 171.52,
        "stdDev": 2.284067987838295
    },
    "XLP": {
        "prevClose": 82.37,
        "stdDev": 0.7901902398449693
    },
    "XLE": {
        "prevClose": 56.94,
        "stdDev": 1.0314221632053824
    },
    "XLU": {
        "prevClose": 46.96,
        "stdDev": 0.5696918212842971
    },
    "GLD": {
        "prevClose": 437.13,
        "stdDev": 4.994112647054555
    },
    "SLV": {
        "prevClose": 69.08,
        "stdDev": 1.4563773609976
    },
    "USO": {
        "prevClose": 124.82,
        "stdDev": 2.922267486096725
    },
    "UNG": {
        "prevClose": 10.77,
        "stdDev": 0.3357389756913107
    },
    "CPER": {
        "prevClose": 35.87,
        "stdDev": 0.5630223375530533
    },
    "TLT": {
        "prevClose": 86.49,
        "stdDev": 0.7809551830459391
    },
    "HYG": {
        "prevClose": 79.96,
        "stdDev": 0.5502883160816118
    },
    "FXE": {
        "prevClose": 108.26,
        "stdDev": 0.6078061148243376
    },
    "FXY": {
        "prevClose": 57.64,
        "stdDev": 0.3680632946050718
    }
}