{
    "VIXY": {
        "prevClose": 33.53,
        "stdDev": 1.4419008682435686
    },
    "SPY": {
        "prevClose": 655.83,
        "stdDev": 7.689466378265446
    },
    "QQQ": {
        "prevClose": 584.98,
        "stdDev": 9.915916862442721
    },
    "DIA": {
        "prevClose": 465.06,
        "stdDev": 5.43923699009319
    },
    "IWM": {
        "prevClose": 251.29,
        "stdDev": 3.7973305895352105
    },
    "DAX": {
        "prevClose": 42.42,
        "stdDev": 0.5744278204456152
    },
    "VT": {
        "prevClose": 139.37,
        "stdDev": 1.8130124120407727
    },
    "EEM": {
        "prevClose": 56.59,
        "stdDev": 0.9676689001511634
    },
    "AAPL": {
        "prevClose": 255.92,
        "stdDev": 7.164481749668567
    },
    "NVDA": {
        "prevClose": 177.39,
        "stdDev": 6.615507695763513
    },
    "PG": {
        "prevClose": 143.12,
        "stdDev": 1.9340702417954994
    },
    "WMT": {
        "prevClose": 125.79,
        "stdDev": 2.3159398665887396
    },
    "AEM": {
        "prevClose": 208.54,
        "stdDev": 6.406408363336487
    },
    "AMAT": {
        "prevClose": 348.47,
        "stdDev": 10.564960119097544
    },
    "XLK": {
        "prevClose": 135.99,
        "stdDev": 2.216201975672802
    },
    "XLV": {
        "prevClose": 146.81,
        "stdDev": 1.6516440588308863
    },
    "XLF": {
        "prevClose": 49.53,
        "stdDev": 0.8854134898439365
    },
    "XLY": {
        "prevClose": 108.15,
        "stdDev": 1.5484693399547382
    },
    "XLI": {
        "prevClose": 163.77,
        "stdDev": 2.1803389553605945
    },
    "XLP": {
        "prevClose": 81.89,
        "stdDev": 0.7852776302424311
    },
    "XLE": {
        "prevClose": 59.25,
        "stdDev": 1.0732706738184687
    },
    "XLU": {
        "prevClose": 46.34,
        "stdDev": 0.5623169989643045
    },
    "GLD": {
        "prevClose": 429.41,
        "stdDev": 4.907499365733937
    },
    "SLV": {
        "prevClose": 65.79,
        "stdDev": 1.3874569219924517
    },
    "USO": {
        "prevClose": 137.92,
        "stdDev": 3.2239596202178498
    },
    "UNG": {
        "prevClose": 11.35,
        "stdDev": 0.35391807590687724
    },
    "CPER": {
        "prevClose": 34.37,
        "stdDev": 0.5393811609023744
    },
    "TLT": {
        "prevClose": 86.79,
        "stdDev": 0.7839714523283299
    },
    "HYG": {
        "prevClose": 79.56,
        "stdDev": 0.5477578097769372
    },
    "FXE": {
        "prevClose": 106.38,
        "stdDev": 0.5974054067197963
    },
    "FXY": {
        "prevClose": 57.54,
        "stdDev": 0.3675685139282112
    }
}