{
    "VIXY": {
        "prevClose": 23.7,
        "stdDev": 1.0159264715229555
    },
    "SPY": {
        "prevClose": 754.6,
        "stdDev": 8.836010508337607
    },
    "QQQ": {
        "prevClose": 735.6,
        "stdDev": 12.45003072446609
    },
    "DIA": {
        "prevClose": 507.05,
        "stdDev": 5.921991512662584
    },
    "IWM": {
        "prevClose": 292.03,
        "stdDev": 4.408232239213942
    },
    "DAX": {
        "prevClose": 46.2151,
        "stdDev": 0.6256182605540339
    },
    "VT": {
        "prevClose": 157.87,
        "stdDev": 2.049568097769007
    },
    "EEM": {
        "prevClose": 68.61,
        "stdDev": 1.1735423975013968
    },
    "AAPL": {
        "prevClose": 312.51,
        "stdDev": 8.738981808360137
    },
    "NVDA": {
        "prevClose": 214.25,
        "stdDev": 7.9761228538285165
    },
    "PG": {
        "prevClose": 145.91,
        "stdDev": 1.9718638051542314
    },
    "WMT": {
        "prevClose": 118.9,
        "stdDev": 2.1880543204205596
    },
    "AEM": {
        "prevClose": 177.97,
        "stdDev": 5.465234968160747
    },
    "AMAT": {
        "prevClose": 449.68,
        "stdDev": 13.55816995034387
    },
    "XLK": {
        "prevClose": 186.85,
        "stdDev": 3.044269627705754
    },
    "XLV": {
        "prevClose": 150.88,
        "stdDev": 1.6959358492131058
    },
    "XLF": {
        "prevClose": 51.27,
        "stdDev": 0.9144995688551929
    },
    "XLY": {
        "prevClose": 122.06,
        "stdDev": 1.7458908581814494
    },
    "XLI": {
        "prevClose": 173.8,
        "stdDev": 2.3129876133850624
    },
    "XLP": {
        "prevClose": 84.43,
        "stdDev": 0.809427999213568
    },
    "XLE": {
        "prevClose": 56.95,
        "stdDev": 1.031130465586283
    },
    "XLU": {
        "prevClose": 44.63,
        "stdDev": 0.5411929311936329
    },
    "GLD": {
        "prevClose": 412.77,
        "stdDev": 4.720406873212208
    },
    "SLV": {
        "prevClose": 68.36,
        "stdDev": 1.4484938772627542
    },
    "USO": {
        "prevClose": 130.78,
        "stdDev": 3.076247135842571
    },
    "UNG": {
        "prevClose": 11.89,
        "stdDev": 0.3702244807212076
    },
    "CPER": {
        "prevClose": 39.06,
        "stdDev": 0.7651561200266238
    },
    "TLT": {
        "prevClose": 85.74,
        "stdDev": 0.7729141265169996
    },
    "HYG": {
        "prevClose": 80.23,
        "stdDev": 0.550517950961725
    },
    "FXE": {
        "prevClose": 107.5,
        "stdDev": 0.6020219397423213
    },
    "FXY": {
        "prevClose": 57.65,
        "stdDev": 0.3676126116043727
    }
}