{
    "VIXY": {
        "prevClose": 29.4,
        "stdDev": 1.2648303402719707
    },
    "SPY": {
        "prevClose": 679.91,
        "stdDev": 7.972181627543102
    },
    "QQQ": {
        "prevClose": 610.19,
        "stdDev": 10.342610157705698
    },
    "DIA": {
        "prevClose": 481.9,
        "stdDev": 5.636974539467276
    },
    "IWM": {
        "prevClose": 261.96,
        "stdDev": 3.9585466744207385
    },
    "DAX": {
        "prevClose": 44.25,
        "stdDev": 0.5998418373249697
    },
    "VT": {
        "prevClose": 144.95,
        "stdDev": 1.8859836612341971
    },
    "EEM": {
        "prevClose": 60.28,
        "stdDev": 1.0312893659025413
    },
    "AAPL": {
        "prevClose": 260.49,
        "stdDev": 7.291560352506507
    },
    "NVDA": {
        "prevClose": 183.91,
        "stdDev": 6.856842146488273
    },
    "PG": {
        "prevClose": 146.66,
        "stdDev": 1.9819565468143763
    },
    "WMT": {
        "prevClose": 129.13,
        "stdDev": 2.3778315186891215
    },
    "AEM": {
        "prevClose": 216.44,
        "stdDev": 6.64831835243871
    },
    "AMAT": {
        "prevClose": 397.81,
        "stdDev": 12.063656740464761
    },
    "XLK": {
        "prevClose": 142.07,
        "stdDev": 2.3152242539307366
    },
    "XLV": {
        "prevClose": 149.33,
        "stdDev": 1.6799400157498612
    },
    "XLF": {
        "prevClose": 51.33,
        "stdDev": 0.917474626774353
    },
    "XLY": {
        "prevClose": 112.74,
        "stdDev": 1.614434078212986
    },
    "XLI": {
        "prevClose": 172.19,
        "stdDev": 2.293140099660086
    },
    "XLP": {
        "prevClose": 83.45,
        "stdDev": 0.8004973341339378
    },
    "XLE": {
        "prevClose": 57.33,
        "stdDev": 1.0385505362197494
    },
    "XLU": {
        "prevClose": 47.15,
        "stdDev": 0.5720331209390489
    },
    "GLD": {
        "prevClose": 437.91,
        "stdDev": 5.003471714979179
    },
    "SLV": {
        "prevClose": 68.39,
        "stdDev": 1.4419436291614376
    },
    "USO": {
        "prevClose": 126.96,
        "stdDev": 2.972513852870862
    },
    "UNG": {
        "prevClose": 10.88,
        "stdDev": 0.3392007475023852
    },
    "CPER": {
        "prevClose": 35.21,
        "stdDev": 0.5526305774722197
    },
    "TLT": {
        "prevClose": 86.7,
        "stdDev": 0.7829116972136348
    },
    "HYG": {
        "prevClose": 80.28,
        "stdDev": 0.5525269836626504
    },
    "FXE": {
        "prevClose": 107.96,
        "stdDev": 0.6061667205875437
    },
    "FXY": {
        "prevClose": 57.7,
        "stdDev": 0.3684837957595762
    }
}