{
    "VIXY": {
        "prevClose": 25.43,
        "stdDev": 1.0903996548094017
    },
    "SPY": {
        "prevClose": 745.64,
        "stdDev": 8.73240906378695
    },
    "QQQ": {
        "prevClose": 717.54,
        "stdDev": 12.145907535313786
    },
    "DIA": {
        "prevClose": 506.12,
        "stdDev": 5.912335447706468
    },
    "IWM": {
        "prevClose": 285.12,
        "stdDev": 4.304381219914471
    },
    "DAX": {
        "prevClose": 45.366,
        "stdDev": 0.614226810663272
    },
    "VT": {
        "prevClose": 155.57,
        "stdDev": 2.02018588967942
    },
    "EEM": {
        "prevClose": 65.88,
        "stdDev": 1.1266777721924708
    },
    "AAPL": {
        "prevClose": 308.82,
        "stdDev": 8.636886872552594
    },
    "NVDA": {
        "prevClose": 215.33,
        "stdDev": 8.017996795245466
    },
    "PG": {
        "prevClose": 144.44,
        "stdDev": 1.9517867701500742
    },
    "WMT": {
        "prevClose": 120.27,
        "stdDev": 2.2134555727213407
    },
    "AEM": {
        "prevClose": 175.91,
        "stdDev": 5.402153649160476
    },
    "AMAT": {
        "prevClose": 432.16,
        "stdDev": 13.029887316524237
    },
    "XLK": {
        "prevClose": 180.39,
        "stdDev": 2.9389902375712045
    },
    "XLV": {
        "prevClose": 149.89,
        "stdDev": 1.6849039400949108
    },
    "XLF": {
        "prevClose": 51.94,
        "stdDev": 0.9266335407738521
    },
    "XLY": {
        "prevClose": 119.18,
        "stdDev": 1.7048807477237764
    },
    "XLI": {
        "prevClose": 171.77,
        "stdDev": 2.2862688318954603
    },
    "XLP": {
        "prevClose": 84.8,
        "stdDev": 0.812942769111584
    },
    "XLE": {
        "prevClose": 59.49,
        "stdDev": 1.0771069509322513
    },
    "XLU": {
        "prevClose": 45.35,
        "stdDev": 0.5500009358065396
    },
    "GLD": {
        "prevClose": 413.82,
        "stdDev": 4.732753712762559
    },
    "SLV": {
        "prevClose": 68.36,
        "stdDev": 1.4484143406248604
    },
    "USO": {
        "prevClose": 140.92,
        "stdDev": 3.314121529904688
    },
    "UNG": {
        "prevClose": 10.94,
        "stdDev": 0.34058125282757445
    },
    "CPER": {
        "prevClose": 38.92,
        "stdDev": 0.7626093516821326
    },
    "TLT": {
        "prevClose": 84.68,
        "stdDev": 0.7635081347578775
    },
    "HYG": {
        "prevClose": 79.91,
        "stdDev": 0.548478799316886
    },
    "FXE": {
        "prevClose": 107.1,
        "stdDev": 0.599940738914081
    },
    "FXY": {
        "prevClose": 57.7,
        "stdDev": 0.3680383134649893
    }
}