{
    "VIXY": {
        "prevClose": 27.22,
        "stdDev": 1.1692082738041458
    },
    "SPY": {
        "prevClose": 718.66,
        "stdDev": 8.421767713001719
    },
    "QQQ": {
        "prevClose": 667.74,
        "stdDev": 11.310438074567193
    },
    "DIA": {
        "prevClose": 496.65,
        "stdDev": 5.805822571817683
    },
    "IWM": {
        "prevClose": 277.97,
        "stdDev": 4.198030244219723
    },
    "DAX": {
        "prevClose": 45.25,
        "stdDev": 0.6124442534310977
    },
    "VT": {
        "prevClose": 151.2,
        "stdDev": 1.9653040011166596
    },
    "EEM": {
        "prevClose": 63.99,
        "stdDev": 1.0942109756891936
    },
    "AAPL": {
        "prevClose": 271.35,
        "stdDev": 7.592021596205394
    },
    "NVDA": {
        "prevClose": 199.57,
        "stdDev": 7.436064373327744
    },
    "PG": {
        "prevClose": 147.09,
        "stdDev": 1.9877944079956746
    },
    "WMT": {
        "prevClose": 131.93,
        "stdDev": 2.42884902492275
    },
    "AEM": {
        "prevClose": 188.21,
        "stdDev": 5.780329102005518
    },
    "AMAT": {
        "prevClose": 394.49,
        "stdDev": 11.959277524158214
    },
    "XLK": {
        "prevClose": 159.5,
        "stdDev": 2.5985985941721443
    },
    "XLV": {
        "prevClose": 145.99,
        "stdDev": 1.6420349005716628
    },
    "XLF": {
        "prevClose": 52.13,
        "stdDev": 0.9309255549471244
    },
    "XLY": {
        "prevClose": 118.35,
        "stdDev": 1.6940194146812058
    },
    "XLI": {
        "prevClose": 174.58,
        "stdDev": 2.324385535769695
    },
    "XLP": {
        "prevClose": 84.31,
        "stdDev": 0.8086864132850292
    },
    "XLE": {
        "prevClose": 59.65,
        "stdDev": 1.0800617659452525
    },
    "XLU": {
        "prevClose": 46.85,
        "stdDev": 0.5684049841737908
    },
    "GLD": {
        "prevClose": 423.66,
        "stdDev": 4.843427398997798
    },
    "SLV": {
        "prevClose": 66.66,
        "stdDev": 1.4069083266757518
    },
    "USO": {
        "prevClose": 147.09,
        "stdDev": 3.4541831391814832
    },
    "UNG": {
        "prevClose": 10.6,
        "stdDev": 0.33014759928088433
    },
    "CPER": {
        "prevClose": 36.53,
        "stdDev": 0.7154187395780897
    },
    "TLT": {
        "prevClose": 85.62,
        "stdDev": 0.7724419248190764
    },
    "HYG": {
        "prevClose": 80.38,
        "stdDev": 0.5524619542717873
    },
    "FXE": {
        "prevClose": 108.28,
        "stdDev": 0.6072722323770904
    },
    "FXY": {
        "prevClose": 58.63,
        "stdDev": 0.37445141915133134
    }
}