{
    "VIXY": {
        "prevClose": 28.11,
        "stdDev": 1.209008994172559
    },
    "SPY": {
        "prevClose": 694.46,
        "stdDev": 8.142121845864851
    },
    "QQQ": {
        "prevClose": 628.6,
        "stdDev": 10.653423676054858
    },
    "DIA": {
        "prevClose": 485.49,
        "stdDev": 5.678089396946237
    },
    "IWM": {
        "prevClose": 268.72,
        "stdDev": 4.060285319466688
    },
    "DAX": {
        "prevClose": 44.93,
        "stdDev": 0.6088133024586316
    },
    "VT": {
        "prevClose": 148.09,
        "stdDev": 1.92646414899201
    },
    "EEM": {
        "prevClose": 62.24,
        "stdDev": 1.064680343952016
    },
    "AAPL": {
        "prevClose": 258.83,
        "stdDev": 7.244157467673312
    },
    "NVDA": {
        "prevClose": 196.51,
        "stdDev": 7.325737966990009
    },
    "PG": {
        "prevClose": 144.38,
        "stdDev": 1.9510525513100951
    },
    "WMT": {
        "prevClose": 125.05,
        "stdDev": 2.3026234871864775
    },
    "AEM": {
        "prevClose": 219.94,
        "stdDev": 6.755144814655061
    },
    "AMAT": {
        "prevClose": 395.64,
        "stdDev": 11.996200079048679
    },
    "XLK": {
        "prevClose": 147.94,
        "stdDev": 2.4107990484825375
    },
    "XLV": {
        "prevClose": 148.83,
        "stdDev": 1.6741819604356685
    },
    "XLF": {
        "prevClose": 51.78,
        "stdDev": 0.9254051868033905
    },
    "XLY": {
        "prevClose": 116.44,
        "stdDev": 1.6673733714856922
    },
    "XLI": {
        "prevClose": 173.35,
        "stdDev": 2.308153120292406
    },
    "XLP": {
        "prevClose": 81.47,
        "stdDev": 0.781508628544312
    },
    "XLE": {
        "prevClose": 55.95,
        "stdDev": 1.0134408844158675
    },
    "XLU": {
        "prevClose": 46.47,
        "stdDev": 0.5637095802018774
    },
    "GLD": {
        "prevClose": 445.09,
        "stdDev": 5.0858825092602284
    },
    "SLV": {
        "prevClose": 72.04,
        "stdDev": 1.519493851424722
    },
    "USO": {
        "prevClose": 123.85,
        "stdDev": 2.900121132559679
    },
    "UNG": {
        "prevClose": 10.56,
        "stdDev": 0.3291288787267131
    },
    "CPER": {
        "prevClose": 37.26,
        "stdDev": 0.584948614007494
    },
    "TLT": {
        "prevClose": 87.21,
        "stdDev": 0.7873523779171078
    },
    "HYG": {
        "prevClose": 80.5,
        "stdDev": 0.5539137052863994
    },
    "FXE": {
        "prevClose": 108.82,
        "stdDev": 0.6108556911879753
    },
    "FXY": {
        "prevClose": 57.79,
        "stdDev": 0.3689569264852871
    }
}