{
    "VIXY": {
        "prevClose": 27.39,
        "stdDev": 1.1767083669744476
    },
    "SPY": {
        "prevClose": 711.69,
        "stdDev": 8.34075676653253
    },
    "QQQ": {
        "prevClose": 657.55,
        "stdDev": 11.139151316707714
    },
    "DIA": {
        "prevClose": 491.42,
        "stdDev": 5.7446439491644385
    },
    "IWM": {
        "prevClose": 273.91,
        "stdDev": 4.13666132510042
    },
    "DAX": {
        "prevClose": 44.44,
        "stdDev": 0.6012516127390992
    },
    "VT": {
        "prevClose": 149.46,
        "stdDev": 1.94282379707556
    },
    "EEM": {
        "prevClose": 62.99,
        "stdDev": 1.0771596616809862
    },
    "AAPL": {
        "prevClose": 270.71,
        "stdDev": 7.574768929592093
    },
    "NVDA": {
        "prevClose": 213.17,
        "stdDev": 7.942814633030757
    },
    "PG": {
        "prevClose": 149.17,
        "stdDev": 2.0159036863803212
    },
    "WMT": {
        "prevClose": 127.59,
        "stdDev": 2.348898422463133
    },
    "AEM": {
        "prevClose": 189.23,
        "stdDev": 5.811731613050429
    },
    "AMAT": {
        "prevClose": 381.11,
        "stdDev": 11.554215726233839
    },
    "XLK": {
        "prevClose": 157.85,
        "stdDev": 2.572047089325957
    },
    "XLV": {
        "prevClose": 143.84,
        "stdDev": 1.6176086035962567
    },
    "XLF": {
        "prevClose": 51.85,
        "stdDev": 0.9260566936122122
    },
    "XLY": {
        "prevClose": 117.01,
        "stdDev": 1.6749882521046453
    },
    "XLI": {
        "prevClose": 170.98,
        "stdDev": 2.2760833832447727
    },
    "XLP": {
        "prevClose": 83.08,
        "stdDev": 0.796832690866838
    },
    "XLE": {
        "prevClose": 57.71,
        "stdDev": 1.0449480990345135
    },
    "XLU": {
        "prevClose": 46.25,
        "stdDev": 0.5609892983103283
    },
    "GLD": {
        "prevClose": 421.91,
        "stdDev": 4.823176520903893
    },
    "SLV": {
        "prevClose": 66.2,
        "stdDev": 1.3971054546716204
    },
    "USO": {
        "prevClose": 139.6,
        "stdDev": 3.2751818336846767
    },
    "UNG": {
        "prevClose": 10.33,
        "stdDev": 0.32172696540237233
    },
    "CPER": {
        "prevClose": 36.24,
        "stdDev": 0.7098600913778219
    },
    "TLT": {
        "prevClose": 86.37,
        "stdDev": 0.779287327265823
    },
    "HYG": {
        "prevClose": 80.4,
        "stdDev": 0.5526888817491625
    },
    "FXE": {
        "prevClose": 108.05,
        "stdDev": 0.6060381384283748
    },
    "FXY": {
        "prevClose": 57.5,
        "stdDev": 0.36677020024009516
    }
}